div_key,shrug_key,method,score,n_sharing_parent
ANDAMAN AND NICOBAR ISLANDS|NICOBARS,ANDAMAN NICOBAR ISLANDS|NICOBARS,exact,1.0,1.0
ANDAMAN AND NICOBAR ISLANDS|NORTH AND MIDDLE ANDAMAN,ANDAMAN NICOBAR ISLANDS|NORTH MIDDLE ANDAMAN,fuzzy_auto,0.909,1.0
ANDAMAN AND NICOBAR ISLANDS|SOUTH ANDAMANS,ANDAMAN NICOBAR ISLANDS|SOUTH ANDAMAN,fuzzy_auto,0.963,1.0
ANDHRA PRADESH|ANANTAPUR,ANDHRA PRADESH|ANANTAPUR,exact,1.0,1.0
ANDHRA PRADESH|CHITTOOR,ANDHRA PRADESH|CHITTOOR,exact,1.0,1.0
ANDHRA PRADESH|EAST GODAVARI,ANDHRA PRADESH|EAST GODAVARI,exact,1.0,1.0
ANDHRA PRADESH|GUNTUR,ANDHRA PRADESH|GUNTUR,exact,1.0,1.0
ANDHRA PRADESH|KADAPA,ANDHRA PRADESH|YSR KADAPA,parent_map,1.0,1.0
ANDHRA PRADESH|KARIMNAGAR,ANDHRA PRADESH|KARIMNAGAR,exact,1.0,5.0
ANDHRA PRADESH|KHAMMAM,ANDHRA PRADESH|KHAMMAM,exact,1.0,3.0
ANDHRA PRADESH|KRISHNA,ANDHRA PRADESH|KRISHNA,exact,1.0,1.0
ANDHRA PRADESH|KURNOOL,ANDHRA PRADESH|KURNOOL,exact,1.0,1.0
ANDHRA PRADESH|MEDAK,ANDHRA PRADESH|MEDAK,exact,1.0,4.0
ANDHRA PRADESH|NALGONDA,ANDHRA PRADESH|NALGONDA,exact,1.0,4.0
ANDHRA PRADESH|NIZAMABAD,ANDHRA PRADESH|NIZAMABAD,exact,1.0,3.0
ANDHRA PRADESH|PRAKASAM,ANDHRA PRADESH|PRAKASAM,exact,1.0,1.0
ANDHRA PRADESH|RANGAREDDI,ANDHRA PRADESH|RANGAREDDY,parent_map,1.0,4.0
ANDHRA PRADESH|SRI POTTI SRIRAMULU NELLORE,ANDHRA PRADESH|SRI POTTI SRIRAMULU NELLORE,exact,1.0,1.0
ANDHRA PRADESH|SRIKAKULAM,ANDHRA PRADESH|SRIKAKULAM,exact,1.0,1.0
ANDHRA PRADESH|VISAKHAPATANAM,ANDHRA PRADESH|VISAKHAPATNAM,parent_map,1.0,1.0
ANDHRA PRADESH|VIZIANAGARAM,ANDHRA PRADESH|VIZIANAGARAM,exact,1.0,1.0
ANDHRA PRADESH|WARANGAL,ANDHRA PRADESH|WARANGAL,exact,1.0,7.0
ANDHRA PRADESH|WEST GODAVARI,ANDHRA PRADESH|WEST GODAVARI,exact,1.0,1.0
ARUNACHAL PRADESH|ANJAW,ARUNACHAL PRADESH|ANJAW,exact,1.0,1.0
ARUNACHAL PRADESH|CHANGLANG,ARUNACHAL PRADESH|CHANGLANG,exact,1.0,1.0
ARUNACHAL PRADESH|DIBANG VALLEY,ARUNACHAL PRADESH|DIBANG VALLEY,exact,1.0,1.0
ARUNACHAL PRADESH|EAST KAMENG,ARUNACHAL PRADESH|EAST KAMENG,exact,1.0,2.0
ARUNACHAL PRADESH|EAST SIANG,ARUNACHAL PRADESH|EAST SIANG,exact,1.0,2.0
ARUNACHAL PRADESH|KAMLE,ARUNACHAL PRADESH|UPPER SUBANSIRI,parent_map,1.0,2.0
ARUNACHAL PRADESH|KRA DAADI,ARUNACHAL PRADESH|KURUNG KUMEY,parent_map,1.0,2.0
ARUNACHAL PRADESH|KURUNG KUMEY,ARUNACHAL PRADESH|KURUNG KUMEY,exact,1.0,2.0
ARUNACHAL PRADESH|LEPARADA,ARUNACHAL PRADESH|WEST SIANG,parent_map,1.0,4.0
ARUNACHAL PRADESH|LOHIT,ARUNACHAL PRADESH|LOHIT,exact,1.0,2.0
ARUNACHAL PRADESH|LONGDING,ARUNACHAL PRADESH|TIRAP,parent_map,1.0,2.0
ARUNACHAL PRADESH|LOWER DIBANG VALLEY,ARUNACHAL PRADESH|LOWER DIBANG VALLEY,exact,1.0,1.0
ARUNACHAL PRADESH|LOWER SIANG,ARUNACHAL PRADESH|WEST SIANG,fuzzy_review,0.762,4.0
ARUNACHAL PRADESH|LOWER SUBANSIRI,ARUNACHAL PRADESH|LOWER SUBANSIRI,exact,1.0,1.0
ARUNACHAL PRADESH|NAMSAI,ARUNACHAL PRADESH|LOHIT,parent_map,1.0,2.0
ARUNACHAL PRADESH|PAKKE KESSANG,ARUNACHAL PRADESH|EAST KAMENG,parent_map,1.0,2.0
ARUNACHAL PRADESH|PAPUM PARE,ARUNACHAL PRADESH|PAPUM PARE,exact,1.0,1.0
ARUNACHAL PRADESH|SHI YOMI,ARUNACHAL PRADESH|WEST SIANG,parent_map,1.0,4.0
ARUNACHAL PRADESH|SIANG,ARUNACHAL PRADESH|EAST SIANG,parent_map,1.0,2.0
ARUNACHAL PRADESH|TAWANG,ARUNACHAL PRADESH|TAWANG,exact,1.0,1.0
ARUNACHAL PRADESH|TIRAP,ARUNACHAL PRADESH|TIRAP,exact,1.0,2.0
ARUNACHAL PRADESH|UPPER SIANG,ARUNACHAL PRADESH|UPPER SIANG,exact,1.0,1.0
ARUNACHAL PRADESH|UPPER SUBANSIRI,ARUNACHAL PRADESH|UPPER SUBANSIRI,exact,1.0,2.0
ARUNACHAL PRADESH|WEST KAMENG,ARUNACHAL PRADESH|WEST KAMENG,exact,1.0,1.0
ARUNACHAL PRADESH|WEST SIANG,ARUNACHAL PRADESH|WEST SIANG,exact,1.0,4.0
ASSAM|BAKSA,ASSAM|BAKSA,exact,1.0,1.0
ASSAM|BARPETA,ASSAM|BARPETA,exact,1.0,1.0
ASSAM|BISWANATH,ASSAM|SONITPUR,parent_map,1.0,2.0
ASSAM|BONGAIGAON,ASSAM|BONGAIGAON,exact,1.0,1.0
ASSAM|CACHAR,ASSAM|CACHAR,exact,1.0,1.0
ASSAM|CHARAIDEO,ASSAM|SIVASAGAR,parent_map,1.0,2.0
ASSAM|CHIRANG,ASSAM|CHIRANG,exact,1.0,1.0
ASSAM|DARRANG,ASSAM|DARRANG,exact,1.0,1.0
ASSAM|DHEMAJI,ASSAM|DHEMAJI,exact,1.0,1.0
ASSAM|DHUBRI,ASSAM|DHUBRI,exact,1.0,2.0
ASSAM|DIBRUGARH,ASSAM|DIBRUGARH,exact,1.0,1.0
ASSAM|DIMA HASAO,ASSAM|DIMA HASAO,exact,1.0,1.0
ASSAM|GOALPARA,ASSAM|GOALPARA,exact,1.0,1.0
ASSAM|GOLAGHAT,ASSAM|GOLAGHAT,exact,1.0,1.0
ASSAM|HAILAKANDI,ASSAM|HAILAKANDI,exact,1.0,1.0
ASSAM|HOJAI,ASSAM|NAGAON,parent_map,1.0,2.0
ASSAM|JORHAT,ASSAM|JORHAT,exact,1.0,2.0
ASSAM|KAMRUP,ASSAM|KAMRUP,exact,1.0,1.0
ASSAM|KAMRUP METRO,ASSAM|KAMRUP METROPOLITAN,fuzzy_review,0.774,1.0
ASSAM|KARBI ANGLONG,ASSAM|KARBI ANGLONG,exact,1.0,2.0
ASSAM|KARIMGANJ,ASSAM|KARIMGANJ,exact,1.0,1.0
ASSAM|KOKRAJHAR,ASSAM|KOKRAJHAR,exact,1.0,1.0
ASSAM|LAKHIMPUR,ASSAM|LAKHIMPUR,exact,1.0,1.0
ASSAM|MAJULI,ASSAM|JORHAT,parent_map,1.0,2.0
ASSAM|MARIGAON,ASSAM|MORIGAON,fuzzy_auto,0.875,1.0
ASSAM|NAGAON,ASSAM|NAGAON,exact,1.0,2.0
ASSAM|NALBARI,ASSAM|NALBARI,exact,1.0,1.0
ASSAM|SIVASAGAR,ASSAM|SIVASAGAR,exact,1.0,2.0
ASSAM|SONITPUR,ASSAM|SONITPUR,exact,1.0,2.0
ASSAM|SOUTH SALMARA MANCACHAR,ASSAM|DHUBRI,parent_map,1.0,2.0
ASSAM|TINSUKIA,ASSAM|TINSUKIA,exact,1.0,1.0
ASSAM|UDALGURI,ASSAM|UDALGURI,exact,1.0,1.0
ASSAM|WEST KARBI ANGLONG,ASSAM|KARBI ANGLONG,fuzzy_review,0.839,2.0
BIHAR|ARARIA,BIHAR|ARARIA,exact,1.0,1.0
BIHAR|ARWAL,BIHAR|ARWAL,exact,1.0,1.0
BIHAR|AURANGABAD,BIHAR|AURANGABAD,exact,1.0,1.0
BIHAR|BANKA,BIHAR|BANKA,exact,1.0,1.0
BIHAR|BEGUSARAI,BIHAR|BEGUSARAI,exact,1.0,1.0
BIHAR|BHAGALPUR,BIHAR|BHAGALPUR,exact,1.0,1.0
BIHAR|BHOJPUR,BIHAR|BHOJPUR,exact,1.0,1.0
BIHAR|BUXAR,BIHAR|BUXAR,exact,1.0,1.0
BIHAR|DARBHANGA,BIHAR|DARBHANGA,exact,1.0,1.0
BIHAR|GAYA,BIHAR|GAYA,exact,1.0,1.0
BIHAR|GOPALGANJ,BIHAR|GOPALGANJ,exact,1.0,1.0
BIHAR|JAMUI,BIHAR|JAMUI,exact,1.0,1.0
BIHAR|JEHANABAD,BIHAR|JEHANABAD,exact,1.0,1.0
BIHAR|KAIMUR (BHABUA),BIHAR|KAIMUR BHABUA,exact,1.0,1.0
BIHAR|KATIHAR,BIHAR|KATIHAR,exact,1.0,1.0
BIHAR|KHAGARIA,BIHAR|KHAGARIA,exact,1.0,1.0
BIHAR|KISHANGANJ,BIHAR|KISHANGANJ,exact,1.0,1.0
BIHAR|LAKHISARAI,BIHAR|LAKHISARAI,exact,1.0,1.0
BIHAR|MADHEPURA,BIHAR|MADHEPURA,exact,1.0,1.0
BIHAR|MADHUBANI,BIHAR|MADHUBANI,exact,1.0,1.0
BIHAR|MUNGER,BIHAR|MUNGER,exact,1.0,1.0
BIHAR|MUZAFFARPUR,BIHAR|MUZAFFARPUR,exact,1.0,1.0
BIHAR|NALANDA,BIHAR|NALANDA,exact,1.0,1.0
BIHAR|NAWADA,BIHAR|NAWADA,exact,1.0,1.0
BIHAR|PASHCHIM CHAMPARAN,BIHAR|PASHCHIM CHAMPARAN,exact,1.0,1.0
BIHAR|PATNA,BIHAR|PATNA,exact,1.0,1.0
BIHAR|PURBI CHAMPARAN,BIHAR|PURBA CHAMPARAN,fuzzy_auto,0.933,1.0
BIHAR|PURNIA,BIHAR|PURNIA,exact,1.0,1.0
BIHAR|ROHTAS,BIHAR|ROHTAS,exact,1.0,1.0
BIHAR|SAHARSA,BIHAR|SAHARSA,exact,1.0,1.0
BIHAR|SAMASTIPUR,BIHAR|SAMASTIPUR,exact,1.0,1.0
BIHAR|SARAN,BIHAR|SARAN,exact,1.0,1.0
BIHAR|SHEIKHPURA,BIHAR|SHEIKHPURA,exact,1.0,1.0
BIHAR|SHEOHAR,BIHAR|SHEOHAR,exact,1.0,1.0
BIHAR|SITAMARHI,BIHAR|SITAMARHI,exact,1.0,1.0
BIHAR|SIWAN,BIHAR|SIWAN,exact,1.0,1.0
BIHAR|SUPAUL,BIHAR|SUPAUL,exact,1.0,1.0
BIHAR|VAISHALI,BIHAR|VAISHALI,exact,1.0,1.0
CHANDIGARH|CHANDIGARH,CHANDIGARH|CHANDIGARH,exact,1.0,1.0
CHHATTISGARH|BALOD,CHHATTISGARH|DURG,parent_map,1.0,3.0
CHHATTISGARH|BALODA BAZAR,CHHATTISGARH|RAIPUR,parent_map,1.0,3.0
CHHATTISGARH|BALRAMPUR,CHHATTISGARH|SURGUJA,parent_map,1.0,3.0
CHHATTISGARH|BASTAR,CHHATTISGARH|BASTAR,exact,1.0,2.0
CHHATTISGARH|BEMETARA,CHHATTISGARH|DURG,parent_map,1.0,3.0
CHHATTISGARH|BIJAPUR,CHHATTISGARH|BIJAPUR,exact,1.0,1.0
CHHATTISGARH|BILASPUR,CHHATTISGARH|BILASPUR,exact,1.0,3.0
CHHATTISGARH|DAKSHIN BASTAR DANTEWADA,CHHATTISGARH|DAKSHIN BASTAR DANTEWADA,exact,1.0,3.0
CHHATTISGARH|DHAMTARI,CHHATTISGARH|DHAMTARI,exact,1.0,1.0
CHHATTISGARH|DURG,CHHATTISGARH|DURG,exact,1.0,3.0
CHHATTISGARH|GARIYABAND,CHHATTISGARH|RAIPUR,parent_map,1.0,3.0
CHHATTISGARH|GAURELLA-PENDRA-MARWAHI,CHHATTISGARH|BILASPUR,parent_map,1.0,3.0
CHHATTISGARH|JANJGIR-CHAMPA,CHHATTISGARH|JANJGIR CHAMPA,exact,1.0,1.0
CHHATTISGARH|JASHPUR,CHHATTISGARH|JASHPUR,exact,1.0,1.0
CHHATTISGARH|KABIRDHAM,CHHATTISGARH|KABEERDHAM,parent_map,1.0,2.0
CHHATTISGARH|KANKER,CHHATTISGARH|UTTAR BASTAR KANKER,parent_map,1.0,1.0
CHHATTISGARH|KONDAGAON,CHHATTISGARH|BASTAR,parent_map,1.0,2.0
CHHATTISGARH|KORBA,CHHATTISGARH|KORBA,exact,1.0,1.0
CHHATTISGARH|KOREA,CHHATTISGARH|KORIYA,parent_map,1.0,2.0
CHHATTISGARH|MAHASAMUND,CHHATTISGARH|MAHASAMUND,exact,1.0,1.0
CHHATTISGARH|MUNGELI,CHHATTISGARH|BILASPUR,parent_map,1.0,3.0
CHHATTISGARH|NARAYANPUR,CHHATTISGARH|NARAYANPUR,exact,1.0,1.0
CHHATTISGARH|RAIGARH,CHHATTISGARH|RAIGARH,exact,1.0,1.0
CHHATTISGARH|RAIPUR,CHHATTISGARH|RAIPUR,exact,1.0,3.0
CHHATTISGARH|RAJNANDGAON,CHHATTISGARH|RAJNANDGAON,exact,1.0,1.0
CHHATTISGARH|SUKMA,CHHATTISGARH|DAKSHIN BASTAR DANTEWADA,parent_map,1.0,3.0
CHHATTISGARH|SURAJPUR,CHHATTISGARH|SURGUJA,parent_map,1.0,3.0
CHHATTISGARH|SURGUJA,CHHATTISGARH|SURGUJA,exact,1.0,3.0
GOA|NORTH GOA,GOA|NORTH GOA,exact,1.0,1.0
GOA|SOUTH GOA,GOA|SOUTH GOA,exact,1.0,1.0
GUJARAT|AHMADABAD,GUJARAT|AHMADABAD,exact,1.0,1.0
GUJARAT|AMRELI,GUJARAT|AMRELI,exact,1.0,1.0
GUJARAT|ANAND,GUJARAT|ANAND,exact,1.0,1.0
GUJARAT|ARAVALLI,GUJARAT|SABAR KANTHA,parent_map,1.0,2.0
GUJARAT|BANAS KANTHA,GUJARAT|BANAS KANTHA,exact,1.0,1.0
GUJARAT|BHARUCH,GUJARAT|BHARUCH,exact,1.0,1.0
GUJARAT|BHAVNAGAR,GUJARAT|BHAVNAGAR,exact,1.0,2.0
GUJARAT|BOTAD,GUJARAT|BHAVNAGAR,parent_map,1.0,2.0
GUJARAT|CHHOTAUDEPUR,GUJARAT|VADODARA,parent_map,1.0,2.0
GUJARAT|DANG,GUJARAT|THE DANGS,parent_map,1.0,1.0
GUJARAT|DEVBHUMI DWARKA,GUJARAT|JAMNAGAR,parent_map,1.0,2.0
GUJARAT|DOHAD,GUJARAT|DOHAD,exact,1.0,1.0
GUJARAT|GANDHINAGAR,GUJARAT|GANDHINAGAR,exact,1.0,1.0
GUJARAT|GIR SOMNATH,GUJARAT|JUNAGADH,parent_map,1.0,2.0
GUJARAT|JAMNAGAR,GUJARAT|JAMNAGAR,exact,1.0,2.0
GUJARAT|JUNAGADH,GUJARAT|JUNAGADH,exact,1.0,2.0
GUJARAT|KACHCHH,GUJARAT|KACHCHH,exact,1.0,1.0
GUJARAT|KHEDA,GUJARAT|KHEDA,exact,1.0,1.0
GUJARAT|MAHESANA,GUJARAT|MAHESANA,exact,1.0,1.0
GUJARAT|MAHISAGAR,GUJARAT|PANCH MAHALS,parent_map,1.0,2.0
GUJARAT|MORBI,GUJARAT|RAJKOT,parent_map,1.0,2.0
GUJARAT|NARMADA,GUJARAT|NARMADA,exact,1.0,1.0
GUJARAT|NAVSARI,GUJARAT|NAVSARI,exact,1.0,1.0
GUJARAT|PANCH MAHALS,GUJARAT|PANCH MAHALS,exact,1.0,2.0
GUJARAT|PATAN,GUJARAT|PATAN,exact,1.0,1.0
GUJARAT|PORBANDAR,GUJARAT|PORBANDAR,exact,1.0,1.0
GUJARAT|RAJKOT,GUJARAT|RAJKOT,exact,1.0,2.0
GUJARAT|SABAR KANTHA,GUJARAT|SABAR KANTHA,exact,1.0,2.0
GUJARAT|SURAT,GUJARAT|SURAT,exact,1.0,1.0
GUJARAT|SURENDRANAGAR,GUJARAT|SURENDRANAGAR,exact,1.0,1.0
GUJARAT|TAPI,GUJARAT|TAPI,exact,1.0,1.0
GUJARAT|VADODARA,GUJARAT|VADODARA,exact,1.0,2.0
GUJARAT|VALSAD,GUJARAT|VALSAD,exact,1.0,1.0
HARYANA|AMBALA,HARYANA|AMBALA,exact,1.0,1.0
HARYANA|BHIWANI,HARYANA|BHIWANI,exact,1.0,2.0
HARYANA|CHARKI DADRI,HARYANA|BHIWANI,parent_map,1.0,2.0
HARYANA|FARIDABAD,HARYANA|FARIDABAD,exact,1.0,1.0
HARYANA|FATEHABAD,HARYANA|FATEHABAD,exact,1.0,1.0
HARYANA|GURGAON,HARYANA|GURGAON,exact,1.0,1.0
HARYANA|HISAR,HARYANA|HISAR,exact,1.0,1.0
HARYANA|JHAJJAR,HARYANA|JHAJJAR,exact,1.0,1.0
HARYANA|JIND,HARYANA|JIND,exact,1.0,1.0
HARYANA|KAITHAL,HARYANA|KAITHAL,exact,1.0,1.0
HARYANA|KARNAL,HARYANA|KARNAL,exact,1.0,1.0
HARYANA|KURUKSHETRA,HARYANA|KURUKSHETRA,exact,1.0,1.0
HARYANA|MAHENDRAGARH,HARYANA|MAHENDRAGARH,exact,1.0,1.0
HARYANA|MEWAT,HARYANA|MEWAT,exact,1.0,1.0
HARYANA|PALWAL,HARYANA|PALWAL,exact,1.0,1.0
HARYANA|PANCHKULA,HARYANA|PANCHKULA,exact,1.0,1.0
HARYANA|PANIPAT,HARYANA|PANIPAT,exact,1.0,1.0
HARYANA|REWARI,HARYANA|REWARI,exact,1.0,1.0
HARYANA|ROHTAK,HARYANA|ROHTAK,exact,1.0,1.0
HARYANA|SIRSA,HARYANA|SIRSA,exact,1.0,1.0
HARYANA|SONIPAT,HARYANA|SONIPAT,exact,1.0,1.0
HARYANA|YAMUNANAGAR,HARYANA|YAMUNANAGAR,exact,1.0,1.0
HIMACHAL PRADESH|BILASPUR,HIMACHAL PRADESH|BILASPUR,exact,1.0,1.0
HIMACHAL PRADESH|CHAMBA,HIMACHAL PRADESH|CHAMBA,exact,1.0,1.0
HIMACHAL PRADESH|HAMIRPUR,HIMACHAL PRADESH|HAMIRPUR,exact,1.0,1.0
HIMACHAL PRADESH|KANGRA,HIMACHAL PRADESH|KANGRA,exact,1.0,1.0
HIMACHAL PRADESH|KINNAUR,HIMACHAL PRADESH|KINNAUR,exact,1.0,1.0
HIMACHAL PRADESH|KULLU,HIMACHAL PRADESH|KULLU,exact,1.0,1.0
HIMACHAL PRADESH|LAHUL AND SPITI,HIMACHAL PRADESH|LAHUL SPITI,fuzzy_review,0.846,1.0
HIMACHAL PRADESH|MANDI,HIMACHAL PRADESH|MANDI,exact,1.0,1.0
HIMACHAL PRADESH|SHIMLA,HIMACHAL PRADESH|SHIMLA,exact,1.0,1.0
HIMACHAL PRADESH|SIRMAUR,HIMACHAL PRADESH|SIRMAUR,exact,1.0,1.0
HIMACHAL PRADESH|SOLAN,HIMACHAL PRADESH|SOLAN,exact,1.0,1.0
HIMACHAL PRADESH|UNA,HIMACHAL PRADESH|UNA,exact,1.0,1.0
JAMMU AND KASHMIR|ANANTNAG,JAMMU KASHMIR|ANANTNAG,exact,1.0,1.0
JAMMU AND KASHMIR|BADGAM,JAMMU KASHMIR|BADGAM,exact,1.0,1.0
JAMMU AND KASHMIR|BANDIPORA,JAMMU KASHMIR|BANDIPORE,fuzzy_auto,0.889,1.0
JAMMU AND KASHMIR|BARAMULLA,JAMMU KASHMIR|BARAMULA,fuzzy_auto,0.941,1.0
JAMMU AND KASHMIR|DODA,JAMMU KASHMIR|DODA,exact,1.0,1.0
JAMMU AND KASHMIR|GANDERBAL,JAMMU KASHMIR|GANDERBAL,exact,1.0,1.0
JAMMU AND KASHMIR|JAMMU,JAMMU KASHMIR|JAMMU,exact,1.0,1.0
JAMMU AND KASHMIR|KARGIL,JAMMU KASHMIR|KARGIL,exact,1.0,2.0
JAMMU AND KASHMIR|KATHUA,JAMMU KASHMIR|KATHUA,exact,1.0,1.0
JAMMU AND KASHMIR|KISHTWAR,JAMMU KASHMIR|KISHTWAR,exact,1.0,1.0
JAMMU AND KASHMIR|KULGAM,JAMMU KASHMIR|KULGAM,exact,1.0,1.0
JAMMU AND KASHMIR|KUPWARA,JAMMU KASHMIR|KUPWARA,exact,1.0,1.0
JAMMU AND KASHMIR|POONCH,JAMMU KASHMIR|PUNCH,parent_map,1.0,1.0
JAMMU AND KASHMIR|PULWAMA,JAMMU KASHMIR|PULWAMA,exact,1.0,1.0
JAMMU AND KASHMIR|RAJAURI,JAMMU KASHMIR|RAJOURI,fuzzy_review,0.857,1.0
JAMMU AND KASHMIR|RAMBAN,JAMMU KASHMIR|RAMBAN,exact,1.0,1.0
JAMMU AND KASHMIR|REASI,JAMMU KASHMIR|REASI,exact,1.0,1.0
JAMMU AND KASHMIR|SAMBA,JAMMU KASHMIR|SAMBA,exact,1.0,1.0
JAMMU AND KASHMIR|SHOPIAN,JAMMU KASHMIR|SHUPIYAN,fuzzy_review,0.8,1.0
JAMMU AND KASHMIR|SRINAGAR,JAMMU KASHMIR|SRINAGAR,exact,1.0,1.0
JAMMU AND KASHMIR|UDHAMPUR,JAMMU KASHMIR|UDHAMPUR,exact,1.0,1.0
JHARKHAND|BOKARO,JHARKHAND|BOKARO,exact,1.0,1.0
JHARKHAND|CHATRA,JHARKHAND|CHATRA,exact,1.0,1.0
JHARKHAND|DEOGHAR,JHARKHAND|DEOGHAR,exact,1.0,1.0
JHARKHAND|DHANBAD,JHARKHAND|DHANBAD,exact,1.0,1.0
JHARKHAND|DUMKA,JHARKHAND|DUMKA,exact,1.0,1.0
JHARKHAND|EAST SINGHBUM,JHARKHAND|PURBI SINGHBHUM,parent_map,1.0,1.0
JHARKHAND|GARHWA,JHARKHAND|GARHWA,exact,1.0,1.0
JHARKHAND|GIRIDIH,JHARKHAND|GIRIDIH,exact,1.0,1.0
JHARKHAND|GODDA,JHARKHAND|GODDA,exact,1.0,1.0
JHARKHAND|GUMLA,JHARKHAND|GUMLA,exact,1.0,1.0
JHARKHAND|HAZARIBAGH,JHARKHAND|HAZARIBAGH,exact,1.0,1.0
JHARKHAND|JAMTARA,JHARKHAND|JAMTARA,exact,1.0,1.0
JHARKHAND|KHUNTI,JHARKHAND|KHUNTI,exact,1.0,1.0
JHARKHAND|KODERMA,JHARKHAND|KODARMA,fuzzy_review,0.857,1.0
JHARKHAND|LATEHAR,JHARKHAND|LATEHAR,exact,1.0,1.0
JHARKHAND|LOHARDAGA,JHARKHAND|LOHARDAGA,exact,1.0,1.0
JHARKHAND|PAKUR,JHARKHAND|PAKUR,exact,1.0,1.0
JHARKHAND|PALAMU,JHARKHAND|PALAMU,exact,1.0,1.0
JHARKHAND|RAMGARH,JHARKHAND|RAMGARH,exact,1.0,1.0
JHARKHAND|RANCHI,JHARKHAND|RANCHI,exact,1.0,1.0
JHARKHAND|SAHEBGANJ,JHARKHAND|SAHIBGANJ,fuzzy_auto,0.889,1.0
JHARKHAND|SARAIKELA KHARSAWAN,JHARKHAND|SARAIKELA KHARSAWAN,exact,1.0,1.0
JHARKHAND|SIMDEGA,JHARKHAND|SIMDEGA,exact,1.0,1.0
JHARKHAND|WEST SINGHBHUM,JHARKHAND|PASHCHIMI SINGHBHUM,parent_map,1.0,1.0
KARNATAKA|BAGALKOTE,KARNATAKA|BAGALKOT,fuzzy_auto,0.941,1.0
KARNATAKA|BALLARI,KARNATAKA|BELLARY,parent_map,1.0,1.0
KARNATAKA|BANGALORE RURAL,KARNATAKA|BANGALORE RURAL,exact,1.0,1.0
KARNATAKA|BELAGAVI,KARNATAKA|BELGAUM,parent_map,1.0,1.0
KARNATAKA|BENGALURU URBAN,KARNATAKA|BANGALORE,parent_map,1.0,1.0
KARNATAKA|BIDAR,KARNATAKA|BIDAR,exact,1.0,1.0
KARNATAKA|CHAMARAJANAGARA,KARNATAKA|CHAMARAJANAGAR,fuzzy_auto,0.966,1.0
KARNATAKA|CHIKKABALLAPURA,KARNATAKA|CHIKKABALLAPURA,exact,1.0,1.0
KARNATAKA|CHIKKAMAGALURU,KARNATAKA|CHIKMAGALUR,fuzzy_auto,0.88,1.0
KARNATAKA|CHITRADURGA,KARNATAKA|CHITRADURGA,exact,1.0,1.0
KARNATAKA|DAKSHINA KANNADA,KARNATAKA|DAKSHINA KANNADA,exact,1.0,1.0
KARNATAKA|DAVANGERE,KARNATAKA|DAVANAGERE,fuzzy_auto,0.947,1.0
KARNATAKA|DHARWAD,KARNATAKA|DHARWAD,exact,1.0,1.0
KARNATAKA|GADAG,KARNATAKA|GADAG,exact,1.0,1.0
KARNATAKA|HASSAN,KARNATAKA|HASSAN,exact,1.0,1.0
KARNATAKA|HAVERI,KARNATAKA|HAVERI,exact,1.0,1.0
KARNATAKA|KALABURAGI,KARNATAKA|GULBARGA,parent_map,1.0,1.0
KARNATAKA|KODAGU,KARNATAKA|KODAGU,exact,1.0,1.0
KARNATAKA|KOLAR,KARNATAKA|KOLAR,exact,1.0,1.0
KARNATAKA|KOPPAL,KARNATAKA|KOPPAL,exact,1.0,1.0
KARNATAKA|MANDYA,KARNATAKA|MANDYA,exact,1.0,1.0
KARNATAKA|MYSURU,KARNATAKA|MYSORE,parent_map,1.0,1.0
KARNATAKA|RAICHUR,KARNATAKA|RAICHUR,exact,1.0,1.0
KARNATAKA|RAMANAGARA,KARNATAKA|RAMANAGARA,exact,1.0,1.0
KARNATAKA|SHIVAMOGGA,KARNATAKA|SHIMOGA,fuzzy_review,0.824,1.0
KARNATAKA|TUMAKURU,KARNATAKA|TUMKUR,fuzzy_review,0.857,1.0
KARNATAKA|UDUPI,KARNATAKA|UDUPI,exact,1.0,1.0
KARNATAKA|UTTARA KANNADA,KARNATAKA|UTTARA KANNADA,exact,1.0,1.0
KARNATAKA|VIJAYAPURA,KARNATAKA|BIJAPUR,parent_map,1.0,1.0
KARNATAKA|YADAGIRI,KARNATAKA|YADGIR,fuzzy_review,0.857,1.0
KERALA|ALAPPUZHA,KERALA|ALAPPUZHA,exact,1.0,1.0
KERALA|ERNAKULAM,KERALA|ERNAKULAM,exact,1.0,1.0
KERALA|IDUKKI,KERALA|IDUKKI,exact,1.0,1.0
KERALA|KANNUR,KERALA|KANNUR,exact,1.0,1.0
KERALA|KASARAGOD,KERALA|KASARAGOD,exact,1.0,1.0
KERALA|KOLLAM,KERALA|KOLLAM,exact,1.0,1.0
KERALA|KOTTAYAM,KERALA|KOTTAYAM,exact,1.0,1.0
KERALA|KOZHIKODE,KERALA|KOZHIKODE,exact,1.0,1.0
KERALA|MALAPPURAM,KERALA|MALAPPURAM,exact,1.0,1.0
KERALA|PALAKKAD,KERALA|PALAKKAD,exact,1.0,1.0
KERALA|PATHANAMTHITTA,KERALA|PATHANAMTHITTA,exact,1.0,1.0
KERALA|THIRUVANANTHAPURAM,KERALA|THIRUVANANTHAPURAM,exact,1.0,1.0
KERALA|THRISSUR,KERALA|THRISSUR,exact,1.0,1.0
KERALA|WAYANAD,KERALA|WAYANAD,exact,1.0,1.0
LADAKH|KARGIL,JAMMU KASHMIR|KARGIL,parent_map,1.0,2.0
LADAKH|LEH LADAKH,JAMMU KASHMIR|LEH LADAKH,parent_map,1.0,1.0
MADHYA PRADESH|AGAR MALWA,MADHYA PRADESH|SHAJAPUR,parent_map,1.0,2.0
MADHYA PRADESH|ALIRAJPUR,MADHYA PRADESH|ALIRAJPUR,exact,1.0,1.0
MADHYA PRADESH|ANUPPUR,MADHYA PRADESH|ANUPPUR,exact,1.0,1.0
MADHYA PRADESH|ASHOKNAGAR,MADHYA PRADESH|ASHOKNAGAR,exact,1.0,1.0
MADHYA PRADESH|BALAGHAT,MADHYA PRADESH|BALAGHAT,exact,1.0,1.0
MADHYA PRADESH|BARWANI,MADHYA PRADESH|BARWANI,exact,1.0,1.0
MADHYA PRADESH|BETUL,MADHYA PRADESH|BETUL,exact,1.0,1.0
MADHYA PRADESH|BHIND,MADHYA PRADESH|BHIND,exact,1.0,1.0
MADHYA PRADESH|BHOPAL,MADHYA PRADESH|BHOPAL,exact,1.0,1.0
MADHYA PRADESH|BURHANPUR,MADHYA PRADESH|BURHANPUR,exact,1.0,1.0
MADHYA PRADESH|CHHATARPUR,MADHYA PRADESH|CHHATARPUR,exact,1.0,1.0
MADHYA PRADESH|CHHINDWARA,MADHYA PRADESH|CHHINDWARA,exact,1.0,1.0
MADHYA PRADESH|DAKSHIN BASTAR DANTEWADA,CHHATTISGARH|DAKSHIN BASTAR DANTEWADA,parent_map,1.0,3.0
MADHYA PRADESH|DAMOH,MADHYA PRADESH|DAMOH,exact,1.0,1.0
MADHYA PRADESH|DATIA,MADHYA PRADESH|DATIA,exact,1.0,1.0
MADHYA PRADESH|DEWAS,MADHYA PRADESH|DEWAS,exact,1.0,1.0
MADHYA PRADESH|DHAR,MADHYA PRADESH|DHAR,exact,1.0,1.0
MADHYA PRADESH|DINDORI,MADHYA PRADESH|DINDORI,exact,1.0,1.0
MADHYA PRADESH|GUNA,MADHYA PRADESH|GUNA,exact,1.0,1.0
MADHYA PRADESH|GWALIOR,MADHYA PRADESH|GWALIOR,exact,1.0,1.0
MADHYA PRADESH|HARDA,MADHYA PRADESH|HARDA,exact,1.0,1.0
MADHYA PRADESH|HOSHANGABAD,MADHYA PRADESH|HOSHANGABAD,exact,1.0,1.0
MADHYA PRADESH|INDORE,MADHYA PRADESH|INDORE,exact,1.0,1.0
MADHYA PRADESH|JABALPUR,MADHYA PRADESH|JABALPUR,exact,1.0,1.0
MADHYA PRADESH|JHABUA,MADHYA PRADESH|JHABUA,exact,1.0,1.0
MADHYA PRADESH|KABIRDHAM,CHHATTISGARH|KABEERDHAM,parent_map,1.0,2.0
MADHYA PRADESH|KATNI,MADHYA PRADESH|KATNI,exact,1.0,1.0
MADHYA PRADESH|KHANDWA,MADHYA PRADESH|EAST NIMAR,parent_map,1.0,1.0
MADHYA PRADESH|KHARGONE,MADHYA PRADESH|WEST NIMAR,parent_map,1.0,1.0
MADHYA PRADESH|KOREA,CHHATTISGARH|KORIYA,parent_map,1.0,2.0
MADHYA PRADESH|MANDLA,MADHYA PRADESH|MANDLA,exact,1.0,1.0
MADHYA PRADESH|MANDSAUR,MADHYA PRADESH|MANDSAUR,exact,1.0,1.0
MADHYA PRADESH|MORENA,MADHYA PRADESH|MORENA,exact,1.0,1.0
MADHYA PRADESH|NARSINGHPUR,MADHYA PRADESH|NARSIMHAPUR,fuzzy_review,0.818,1.0
MADHYA PRADESH|NEEMUCH,MADHYA PRADESH|NEEMUCH,exact,1.0,1.0
MADHYA PRADESH|NIWARI,MADHYA PRADESH|TIKAMGARH,parent_map,1.0,2.0
MADHYA PRADESH|PANNA,MADHYA PRADESH|PANNA,exact,1.0,1.0
MADHYA PRADESH|RAISEN,MADHYA PRADESH|RAISEN,exact,1.0,1.0
MADHYA PRADESH|RAJGARH,MADHYA PRADESH|RAJGARH,exact,1.0,1.0
MADHYA PRADESH|RATLAM,MADHYA PRADESH|RATLAM,exact,1.0,1.0
MADHYA PRADESH|REWA,MADHYA PRADESH|REWA,exact,1.0,1.0
MADHYA PRADESH|SAGAR,MADHYA PRADESH|SAGAR,exact,1.0,1.0
MADHYA PRADESH|SATNA,MADHYA PRADESH|SATNA,exact,1.0,1.0
MADHYA PRADESH|SEHORE,MADHYA PRADESH|SEHORE,exact,1.0,1.0
MADHYA PRADESH|SEONI,MADHYA PRADESH|SEONI,exact,1.0,1.0
MADHYA PRADESH|SHAHDOL,MADHYA PRADESH|SHAHDOL,exact,1.0,1.0
MADHYA PRADESH|SHAJAPUR,MADHYA PRADESH|SHAJAPUR,exact,1.0,2.0
MADHYA PRADESH|SHEOPUR,MADHYA PRADESH|SHEOPUR,exact,1.0,1.0
MADHYA PRADESH|SHIVPURI,MADHYA PRADESH|SHIVPURI,exact,1.0,1.0
MADHYA PRADESH|SIDHI,MADHYA PRADESH|SIDHI,exact,1.0,1.0
MADHYA PRADESH|SINGRAULI,MADHYA PRADESH|SINGRAULI,exact,1.0,1.0
MADHYA PRADESH|TIKAMGARH,MADHYA PRADESH|TIKAMGARH,exact,1.0,2.0
MADHYA PRADESH|UJJAIN,MADHYA PRADESH|UJJAIN,exact,1.0,1.0
MADHYA PRADESH|UMARIA,MADHYA PRADESH|UMARIA,exact,1.0,1.0
MADHYA PRADESH|VIDISHA,MADHYA PRADESH|VIDISHA,exact,1.0,1.0
MAHARASHTRA|AHMEDNAGAR,MAHARASHTRA|AHMADNAGAR,fuzzy_auto,0.9,1.0
MAHARASHTRA|AKOLA,MAHARASHTRA|AKOLA,exact,1.0,1.0
MAHARASHTRA|AMRAVATI,MAHARASHTRA|AMRAVATI,exact,1.0,1.0
MAHARASHTRA|AURANGABAD,MAHARASHTRA|AURANGABAD,exact,1.0,1.0
MAHARASHTRA|BEED,MAHARASHTRA|BID,parent_map,1.0,1.0
MAHARASHTRA|BHANDARA,MAHARASHTRA|BHANDARA,exact,1.0,1.0
MAHARASHTRA|BULDHANA,MAHARASHTRA|BULDANA,fuzzy_auto,0.933,1.0
MAHARASHTRA|CHANDRAPUR,MAHARASHTRA|CHANDRAPUR,exact,1.0,1.0
MAHARASHTRA|DHULE,MAHARASHTRA|DHULE,exact,1.0,1.0
MAHARASHTRA|GADCHIROLI,MAHARASHTRA|GADCHIROLI,exact,1.0,1.0
MAHARASHTRA|GONDIA,MAHARASHTRA|GONDIYA,fuzzy_auto,0.923,1.0
MAHARASHTRA|HINGOLI,MAHARASHTRA|HINGOLI,exact,1.0,1.0
MAHARASHTRA|JALGAON,MAHARASHTRA|JALGAON,exact,1.0,1.0
MAHARASHTRA|JALNA,MAHARASHTRA|JALNA,exact,1.0,1.0
MAHARASHTRA|KOLHAPUR,MAHARASHTRA|KOLHAPUR,exact,1.0,1.0
MAHARASHTRA|LATUR,MAHARASHTRA|LATUR,exact,1.0,1.0
MAHARASHTRA|MUMBAI,,unmatched,0.0,
MAHARASHTRA|MUMBAI SUBURBAN,MAHARASHTRA|MUMBAI SUBURBAN,exact,1.0,1.0
MAHARASHTRA|NAGPUR,MAHARASHTRA|NAGPUR,exact,1.0,1.0
MAHARASHTRA|NANDED,MAHARASHTRA|NANDED,exact,1.0,1.0
MAHARASHTRA|NANDURBAR,MAHARASHTRA|NANDURBAR,exact,1.0,1.0
MAHARASHTRA|NASHIK,MAHARASHTRA|NASHIK,exact,1.0,1.0
MAHARASHTRA|OSMANABAD,MAHARASHTRA|OSMANABAD,exact,1.0,1.0
MAHARASHTRA|PALGHAR,MAHARASHTRA|THANE,parent_map,1.0,2.0
MAHARASHTRA|PARBHANI,MAHARASHTRA|PARBHANI,exact,1.0,1.0
MAHARASHTRA|PUNE,MAHARASHTRA|PUNE,exact,1.0,1.0
MAHARASHTRA|RAIGAD,MAHARASHTRA|RAIGARH,fuzzy_review,0.769,1.0
MAHARASHTRA|RATNAGIRI,MAHARASHTRA|RATNAGIRI,exact,1.0,1.0
MAHARASHTRA|SANGLI,MAHARASHTRA|SANGLI,exact,1.0,1.0
MAHARASHTRA|SATARA,MAHARASHTRA|SATARA,exact,1.0,1.0
MAHARASHTRA|SINDHUDURG,MAHARASHTRA|SINDHUDURG,exact,1.0,1.0
MAHARASHTRA|SOLAPUR,MAHARASHTRA|SOLAPUR,exact,1.0,1.0
MAHARASHTRA|THANE,MAHARASHTRA|THANE,exact,1.0,2.0
MAHARASHTRA|WARDHA,MAHARASHTRA|WARDHA,exact,1.0,1.0
MAHARASHTRA|WASHIM,MAHARASHTRA|WASHIM,exact,1.0,1.0
MAHARASHTRA|YAVATMAL,MAHARASHTRA|YAVATMAL,exact,1.0,1.0
MANIPUR|BISHNUPUR,MANIPUR|BISHNUPUR,exact,1.0,1.0
MANIPUR|CHANDEL,MANIPUR|CHANDEL,exact,1.0,1.0
MANIPUR|CHURACHANDPUR,MANIPUR|CHURACHANDPUR,exact,1.0,1.0
MANIPUR|IMPHAL EAST,MANIPUR|IMPHAL EAST,exact,1.0,1.0
MANIPUR|IMPHAL WEST,MANIPUR|IMPHAL WEST,exact,1.0,1.0
MANIPUR|SENAPATI,MANIPUR|SENAPATI,exact,1.0,1.0
MANIPUR|TAMENGLONG,MANIPUR|TAMENGLONG,exact,1.0,1.0
MANIPUR|THOUBAL,MANIPUR|THOUBAL,exact,1.0,1.0
MANIPUR|UKHRUL,MANIPUR|UKHRUL,exact,1.0,1.0
MEGHALAYA|EAST GARO HILLS,MEGHALAYA|EAST GARO HILLS,exact,1.0,2.0
MEGHALAYA|EAST JAINTIA HILLS,MEGHALAYA|JAINTIA HILLS,fuzzy_review,0.839,2.0
MEGHALAYA|EAST KHASI HILLS,MEGHALAYA|EAST KHASI HILLS,exact,1.0,1.0
MEGHALAYA|NORTH GARO HILLS,MEGHALAYA|EAST GARO HILLS,parent_map,1.0,2.0
MEGHALAYA|RI BHOI,MEGHALAYA|RIBHOI,fuzzy_auto,0.923,1.0
MEGHALAYA|SOUTH GARO HILLS,MEGHALAYA|SOUTH GARO HILLS,exact,1.0,1.0
MEGHALAYA|SOUTH WEST GARO HILLS,MEGHALAYA|WEST GARO HILLS,parent_map,1.0,2.0
MEGHALAYA|SOUTH WEST KHASI HILLS,MEGHALAYA|WEST KHASI HILLS,fuzzy_review,0.842,2.0
MEGHALAYA|WEST GARO HILLS,MEGHALAYA|WEST GARO HILLS,exact,1.0,2.0
MEGHALAYA|WEST JAINTIA HILLS,MEGHALAYA|JAINTIA HILLS,fuzzy_review,0.839,2.0
MEGHALAYA|WEST KHASI HILLS,MEGHALAYA|WEST KHASI HILLS,exact,1.0,2.0
MIZORAM|AIZAWL,MIZORAM|AIZAWL,exact,1.0,1.0
MIZORAM|CHAMPHAI,MIZORAM|CHAMPHAI,exact,1.0,1.0
MIZORAM|KOLASIB,MIZORAM|KOLASIB,exact,1.0,1.0
MIZORAM|LAWNGTLAI,MIZORAM|LAWNGTLAI,exact,1.0,1.0
MIZORAM|LUNGLEI,MIZORAM|LUNGLEI,exact,1.0,1.0
MIZORAM|MAMIT,MIZORAM|MAMIT,exact,1.0,1.0
MIZORAM|SAIHA,MIZORAM|SAIHA,exact,1.0,1.0
MIZORAM|SERCHHIP,MIZORAM|SERCHHIP,exact,1.0,1.0
NAGALAND|DIMAPUR,NAGALAND|DIMAPUR,exact,1.0,1.0
NAGALAND|KIPHIRE,NAGALAND|KIPHIRE,exact,1.0,1.0
NAGALAND|KOHIMA,NAGALAND|KOHIMA,exact,1.0,1.0
NAGALAND|LONGLENG,NAGALAND|LONGLENG,exact,1.0,1.0
NAGALAND|MOKOKCHUNG,NAGALAND|MOKOKCHUNG,exact,1.0,1.0
NAGALAND|MON,NAGALAND|MON,exact,1.0,1.0
NAGALAND|PEREN,NAGALAND|PEREN,exact,1.0,1.0
NAGALAND|PHEK,NAGALAND|PHEK,exact,1.0,1.0
NAGALAND|TUENSANG,NAGALAND|TUENSANG,exact,1.0,1.0
NAGALAND|WOKHA,NAGALAND|WOKHA,exact,1.0,1.0
NAGALAND|ZUNHEBOTO,NAGALAND|ZUNHEBOTO,exact,1.0,1.0
ODISHA|ANUGUL,ODISHA|ANUGUL,exact,1.0,1.0
ODISHA|BALANGIR,ODISHA|BALANGIR,exact,1.0,1.0
ODISHA|BALESHWAR,ODISHA|BALESHWAR,exact,1.0,1.0
ODISHA|BARGARH,ODISHA|BARGARH,exact,1.0,1.0
ODISHA|BHADRAK,ODISHA|BHADRAK,exact,1.0,1.0
ODISHA|BOUDH,ODISHA|BAUDH,fuzzy_review,0.8,1.0
ODISHA|CUTTACK,ODISHA|CUTTACK,exact,1.0,1.0
ODISHA|DEOGARH,ODISHA|DEBAGARH,fuzzy_review,0.8,1.0
ODISHA|DHENKANAL,ODISHA|DHENKANAL,exact,1.0,1.0
ODISHA|GAJAPATI,ODISHA|GAJAPATI,exact,1.0,1.0
ODISHA|GANJAM,ODISHA|GANJAM,exact,1.0,1.0
ODISHA|JAGATSINGHAPUR,ODISHA|JAGATSINGHAPUR,exact,1.0,1.0
ODISHA|JAJAPUR,ODISHA|JAJAPUR,exact,1.0,1.0
ODISHA|JHARSUGUDA,ODISHA|JHARSUGUDA,exact,1.0,1.0
ODISHA|KALAHANDI,ODISHA|KALAHANDI,exact,1.0,1.0
ODISHA|KANDHAMAL,ODISHA|KANDHAMAL,exact,1.0,1.0
ODISHA|KENDRAPARA,ODISHA|KENDRAPARA,exact,1.0,1.0
ODISHA|KENDUJHAR,ODISHA|KENDUJHAR,exact,1.0,1.0
ODISHA|KHORDHA,ODISHA|KHORDHA,exact,1.0,1.0
ODISHA|KORAPUT,ODISHA|KORAPUT,exact,1.0,1.0
ODISHA|MALKANGIRI,ODISHA|MALKANGIRI,exact,1.0,1.0
ODISHA|MAYURBHANJ,ODISHA|MAYURBHANJ,exact,1.0,1.0
ODISHA|NABARANGPUR,ODISHA|NABARANGAPUR,fuzzy_auto,0.957,1.0
ODISHA|NAYAGARH,ODISHA|NAYAGARH,exact,1.0,1.0
ODISHA|NUAPADA,ODISHA|NUAPADA,exact,1.0,1.0
ODISHA|PURI,ODISHA|PURI,exact,1.0,1.0
ODISHA|RAYAGADA,ODISHA|RAYAGADA,exact,1.0,1.0
ODISHA|SAMBALPUR,ODISHA|SAMBALPUR,exact,1.0,1.0
ODISHA|SONEPUR,ODISHA|SUBARNAPUR,parent_map,1.0,1.0
ODISHA|SUNDARGARH,ODISHA|SUNDARGARH,exact,1.0,1.0
PUDUCHERRY|KARAIKAL,PUDUCHERRY|KARAIKAL,exact,1.0,1.0
PUDUCHERRY|MAHE,PUDUCHERRY|MAHE,exact,1.0,1.0
PUDUCHERRY|PONDICHERRY,PUDUCHERRY|PUDUCHERRY,fuzzy_review,0.762,1.0
PUDUCHERRY|YANAM,PUDUCHERRY|YANAM,exact,1.0,1.0
PUNJAB|AMRITSAR,PUNJAB|AMRITSAR,exact,1.0,1.0
PUNJAB|BARNALA,PUNJAB|BARNALA,exact,1.0,1.0
PUNJAB|BATHINDA,PUNJAB|BATHINDA,exact,1.0,1.0
PUNJAB|FARIDKOT,PUNJAB|FARIDKOT,exact,1.0,1.0
PUNJAB|FATEHGARH SAHIB,PUNJAB|FATEHGARH SAHIB,exact,1.0,1.0
PUNJAB|FAZILKA,PUNJAB|FIROZPUR,parent_map,1.0,2.0
PUNJAB|FIROZEPUR,PUNJAB|FIROZPUR,fuzzy_auto,0.941,2.0
PUNJAB|GURDASPUR,PUNJAB|GURDASPUR,exact,1.0,2.0
PUNJAB|HOSHIARPUR,PUNJAB|HOSHIARPUR,exact,1.0,1.0
PUNJAB|JALANDHAR,PUNJAB|JALANDHAR,exact,1.0,1.0
PUNJAB|KAPURTHALA,PUNJAB|KAPURTHALA,exact,1.0,1.0
PUNJAB|LUDHIANA,PUNJAB|LUDHIANA,exact,1.0,1.0
PUNJAB|MANSA,PUNJAB|MANSA,exact,1.0,1.0
PUNJAB|MOGA,PUNJAB|MOGA,exact,1.0,1.0
PUNJAB|MUKTSAR,PUNJAB|MUKTSAR,exact,1.0,1.0
PUNJAB|PATHANKOT,PUNJAB|GURDASPUR,parent_map,1.0,2.0
PUNJAB|PATIALA,PUNJAB|PATIALA,exact,1.0,1.0
PUNJAB|RUPNAGAR,PUNJAB|RUPNAGAR,exact,1.0,1.0
PUNJAB|S.A.S NAGAR,PUNJAB|SAHIBZADA AJIT SINGH NAGAR,parent_map,1.0,1.0
PUNJAB|SANGRUR,PUNJAB|SANGRUR,exact,1.0,1.0
PUNJAB|SHAHID BHAGAT SINGH NAGAR,PUNJAB|SHAHID BHAGAT SINGH NAGAR,exact,1.0,1.0
PUNJAB|TARN TARAN,PUNJAB|TARN TARAN,exact,1.0,1.0
RAJASTHAN|AJMER,RAJASTHAN|AJMER,exact,1.0,1.0
RAJASTHAN|ALWAR,RAJASTHAN|ALWAR,exact,1.0,1.0
RAJASTHAN|BANSWARA,RAJASTHAN|BANSWARA,exact,1.0,1.0
RAJASTHAN|BARAN,RAJASTHAN|BARAN,exact,1.0,1.0
RAJASTHAN|BARMER,RAJASTHAN|BARMER,exact,1.0,1.0
RAJASTHAN|BHARATPUR,RAJASTHAN|BHARATPUR,exact,1.0,1.0
RAJASTHAN|BHILWARA,RAJASTHAN|BHILWARA,exact,1.0,1.0
RAJASTHAN|BIKANER,RAJASTHAN|BIKANER,exact,1.0,1.0
RAJASTHAN|BUNDI,RAJASTHAN|BUNDI,exact,1.0,1.0
RAJASTHAN|CHITTORGARH,RAJASTHAN|CHITTAURGARH,fuzzy_auto,0.87,1.0
RAJASTHAN|CHURU,RAJASTHAN|CHURU,exact,1.0,1.0
RAJASTHAN|DAUSA,RAJASTHAN|DAUSA,exact,1.0,1.0
RAJASTHAN|DHOLPUR,RAJASTHAN|DHAULPUR,fuzzy_review,0.8,1.0
RAJASTHAN|DUNGARPUR,RAJASTHAN|DUNGARPUR,exact,1.0,1.0
RAJASTHAN|GANGANAGAR,RAJASTHAN|GANGANAGAR,exact,1.0,1.0
RAJASTHAN|HANUMANGARH,RAJASTHAN|HANUMANGARH,exact,1.0,1.0
RAJASTHAN|JAIPUR,RAJASTHAN|JAIPUR,exact,1.0,1.0
RAJASTHAN|JAISALMER,RAJASTHAN|JAISALMER,exact,1.0,1.0
RAJASTHAN|JALORE,RAJASTHAN|JALOR,fuzzy_auto,0.909,1.0
RAJASTHAN|JHALAWAR,RAJASTHAN|JHALAWAR,exact,1.0,1.0
RAJASTHAN|JHUNJHUNU,RAJASTHAN|JHUNJHUNUN,fuzzy_auto,0.947,1.0
RAJASTHAN|JODHPUR,RAJASTHAN|JODHPUR,exact,1.0,1.0
RAJASTHAN|KARAULI,RAJASTHAN|KARAULI,exact,1.0,1.0
RAJASTHAN|KOTA,RAJASTHAN|KOTA,exact,1.0,1.0
RAJASTHAN|NAGAUR,RAJASTHAN|NAGAUR,exact,1.0,1.0
RAJASTHAN|PALI,RAJASTHAN|PALI,exact,1.0,1.0
RAJASTHAN|PRATAPGARH,RAJASTHAN|PRATAPGARH,exact,1.0,1.0
RAJASTHAN|RAJSAMAND,RAJASTHAN|RAJSAMAND,exact,1.0,1.0
RAJASTHAN|SAWAI MADHOPUR,RAJASTHAN|SAWAI MADHOPUR,exact,1.0,1.0
RAJASTHAN|SIKAR,RAJASTHAN|SIKAR,exact,1.0,1.0
RAJASTHAN|SIROHI,RAJASTHAN|SIROHI,exact,1.0,1.0
RAJASTHAN|TONK,RAJASTHAN|TONK,exact,1.0,1.0
RAJASTHAN|UDAIPUR,RAJASTHAN|UDAIPUR,exact,1.0,1.0
SIKKIM|GANGTOK,SIKKIM|EAST DISTRICT,parent_map,1.0,1.0
SIKKIM|GYALSHING,SIKKIM|WEST DISTRICT,parent_map,1.0,1.0
SIKKIM|MANGAN,SIKKIM|NORTH DISTRICT,parent_map,1.0,1.0
SIKKIM|NAMCHI,SIKKIM|SOUTH DISTRICT,parent_map,1.0,1.0
TAMIL NADU|ARIYALUR,TAMIL NADU|ARIYALUR,exact,1.0,1.0
TAMIL NADU|CHENGALPATTU,TAMIL NADU|KANCHEEPURAM,parent_map,1.0,2.0
TAMIL NADU|CHENNAI,TAMIL NADU|CHENNAI,exact,1.0,1.0
TAMIL NADU|COIMBATORE,TAMIL NADU|COIMBATORE,exact,1.0,1.0
TAMIL NADU|CUDDALORE,TAMIL NADU|CUDDALORE,exact,1.0,1.0
TAMIL NADU|DHARMAPURI,TAMIL NADU|DHARMAPURI,exact,1.0,1.0
TAMIL NADU|DINDIGUL,TAMIL NADU|DINDIGUL,exact,1.0,1.0
TAMIL NADU|ERODE,TAMIL NADU|ERODE,exact,1.0,1.0
TAMIL NADU|KALLAKURICHI,TAMIL NADU|VILUPPURAM,parent_map,1.0,2.0
TAMIL NADU|KANCHIPURAM,TAMIL NADU|KANCHEEPURAM,fuzzy_auto,0.87,2.0
TAMIL NADU|KANNIYAKUMARI,TAMIL NADU|KANNIYAKUMARI,exact,1.0,1.0
TAMIL NADU|KARUR,TAMIL NADU|KARUR,exact,1.0,1.0
TAMIL NADU|KRISHNAGIRI,TAMIL NADU|KRISHNAGIRI,exact,1.0,1.0
TAMIL NADU|MADURAI,TAMIL NADU|MADURAI,exact,1.0,1.0
TAMIL NADU|NAGAPATTINAM,TAMIL NADU|NAGAPATTINAM,exact,1.0,1.0
TAMIL NADU|NAMAKKAL,TAMIL NADU|NAMAKKAL,exact,1.0,1.0
TAMIL NADU|PERAMBALUR,TAMIL NADU|PERAMBALUR,exact,1.0,1.0
TAMIL NADU|PUDUKKOTTAI,TAMIL NADU|PUDUKKOTTAI,exact,1.0,1.0
TAMIL NADU|RAMANATHAPURAM,TAMIL NADU|RAMANATHAPURAM,exact,1.0,1.0
TAMIL NADU|RANIPET,TAMIL NADU|VELLORE,parent_map,1.0,3.0
TAMIL NADU|SALEM,TAMIL NADU|SALEM,exact,1.0,1.0
TAMIL NADU|SIVAGANGA,TAMIL NADU|SIVAGANGA,exact,1.0,1.0
TAMIL NADU|TENKASI,TAMIL NADU|TIRUNELVELI,parent_map,1.0,2.0
TAMIL NADU|THANJAVUR,TAMIL NADU|THANJAVUR,exact,1.0,1.0
TAMIL NADU|THE NILGIRIS,TAMIL NADU|THE NILGIRIS,exact,1.0,1.0
TAMIL NADU|THENI,TAMIL NADU|THENI,exact,1.0,1.0
TAMIL NADU|THIRUVALLUR,TAMIL NADU|THIRUVALLUR,exact,1.0,1.0
TAMIL NADU|THIRUVARUR,TAMIL NADU|THIRUVARUR,exact,1.0,1.0
TAMIL NADU|TIRUCHIRAPPALLI,TAMIL NADU|TIRUCHIRAPPALLI,exact,1.0,1.0
TAMIL NADU|TIRUNELVELI,TAMIL NADU|TIRUNELVELI,exact,1.0,2.0
TAMIL NADU|TIRUPATHUR,TAMIL NADU|VELLORE,parent_map,1.0,3.0
TAMIL NADU|TIRUPPUR,TAMIL NADU|TIRUPPUR,exact,1.0,1.0
TAMIL NADU|TIRUVANNAMALAI,TAMIL NADU|TIRUVANNAMALAI,exact,1.0,1.0
TAMIL NADU|TUTICORIN,TAMIL NADU|THOOTHUKKUDI,parent_map,1.0,1.0
TAMIL NADU|VELLORE,TAMIL NADU|VELLORE,exact,1.0,3.0
TAMIL NADU|VILLUPURAM,TAMIL NADU|VILUPPURAM,fuzzy_auto,0.9,2.0
TAMIL NADU|VIRUDHUNAGAR,TAMIL NADU|VIRUDHUNAGAR,exact,1.0,1.0
TELANGANA|ADILABAD,ANDHRA PRADESH|ADILABAD,parent_map,1.0,4.0
TELANGANA|BHADRADRI,ANDHRA PRADESH|KHAMMAM,parent_map,1.0,3.0
TELANGANA|HANUMAKONDA,ANDHRA PRADESH|WARANGAL,parent_map,1.0,7.0
TELANGANA|HYDERABAD,ANDHRA PRADESH|HYDERABAD,parent_map,1.0,1.0
TELANGANA|JAGITIAL,ANDHRA PRADESH|KARIMNAGAR,parent_map,1.0,5.0
TELANGANA|JANGOAN,ANDHRA PRADESH|WARANGAL,parent_map,1.0,7.0
TELANGANA|JAYASHANKAR,ANDHRA PRADESH|WARANGAL,parent_map,1.0,7.0
TELANGANA|JOGULAMBA,ANDHRA PRADESH|MAHBUBNAGAR,parent_map,1.0,5.0
TELANGANA|KAMAREDDY,ANDHRA PRADESH|NIZAMABAD,parent_map,1.0,3.0
TELANGANA|KARIMNAGAR,ANDHRA PRADESH|KARIMNAGAR,parent_map,1.0,5.0
TELANGANA|KHAMMAM,ANDHRA PRADESH|KHAMMAM,parent_map,1.0,3.0
TELANGANA|KOMARAM BHEEM ASIFABAD,ANDHRA PRADESH|ADILABAD,parent_map,1.0,4.0
TELANGANA|MAHABUBABAD,ANDHRA PRADESH|WARANGAL,parent_map,1.0,7.0
TELANGANA|MAHABUBNAGAR,ANDHRA PRADESH|MAHBUBNAGAR,parent_map,1.0,5.0
TELANGANA|MANCHERIAL,ANDHRA PRADESH|ADILABAD,parent_map,1.0,4.0
TELANGANA|MEDAK,ANDHRA PRADESH|MEDAK,parent_map,1.0,4.0
TELANGANA|MEDCHAL MALKAJGIRI,ANDHRA PRADESH|RANGAREDDY,parent_map,1.0,4.0
TELANGANA|MULUGU,ANDHRA PRADESH|WARANGAL,parent_map,1.0,7.0
TELANGANA|NAGARKURNOOL,ANDHRA PRADESH|MAHBUBNAGAR,parent_map,1.0,5.0
TELANGANA|NALGONDA,ANDHRA PRADESH|NALGONDA,parent_map,1.0,4.0
TELANGANA|NARAYANAPET,ANDHRA PRADESH|MAHBUBNAGAR,parent_map,1.0,5.0
TELANGANA|NIRMAL,ANDHRA PRADESH|ADILABAD,parent_map,1.0,4.0
TELANGANA|NIZAMABAD,ANDHRA PRADESH|NIZAMABAD,parent_map,1.0,3.0
TELANGANA|PEDDAPALLI,ANDHRA PRADESH|KARIMNAGAR,parent_map,1.0,5.0
TELANGANA|RAJANNA,ANDHRA PRADESH|KARIMNAGAR,parent_map,1.0,5.0
TELANGANA|RANGAREDDI,ANDHRA PRADESH|RANGAREDDY,parent_map,1.0,4.0
TELANGANA|SANGAREDDY,ANDHRA PRADESH|MEDAK,parent_map,1.0,4.0
TELANGANA|SIDDIPET,ANDHRA PRADESH|MEDAK,parent_map,1.0,4.0
TELANGANA|SURYAPET,ANDHRA PRADESH|NALGONDA,parent_map,1.0,4.0
TELANGANA|VIKARABAD,ANDHRA PRADESH|RANGAREDDY,parent_map,1.0,4.0
TELANGANA|WANAPARTHY,ANDHRA PRADESH|MAHBUBNAGAR,parent_map,1.0,5.0
TELANGANA|WARANGAL,ANDHRA PRADESH|WARANGAL,parent_map,1.0,7.0
TELANGANA|YADADRI,ANDHRA PRADESH|NALGONDA,parent_map,1.0,4.0
THE DADRA AND NAGAR HAVELI AND DAMAN AND DIU|DADRA AND NAGAR HAVELI,DADRA NAGAR HAVELI|DADRA NAGAR HAVELI,fuzzy_auto,0.9,1.0
THE DADRA AND NAGAR HAVELI AND DAMAN AND DIU|DAMAN,,unmatched,0.0,
THE DADRA AND NAGAR HAVELI AND DAMAN AND DIU|DIU,,unmatched,0.0,
TRIPURA|DHALAI,TRIPURA|DHALAI,exact,1.0,1.0
TRIPURA|GOMATI,TRIPURA|SOUTH TRIPURA,parent_map,1.0,2.0
TRIPURA|KHOWAI,TRIPURA|WEST TRIPURA,parent_map,1.0,3.0
TRIPURA|NORTH TRIPURA,TRIPURA|NORTH TRIPURA,exact,1.0,2.0
TRIPURA|SEPAHIJALA,TRIPURA|WEST TRIPURA,parent_map,1.0,3.0
TRIPURA|SOUTH TRIPURA,TRIPURA|SOUTH TRIPURA,exact,1.0,2.0
TRIPURA|UNAKOTI,TRIPURA|NORTH TRIPURA,parent_map,1.0,2.0
TRIPURA|WEST TRIPURA,TRIPURA|WEST TRIPURA,exact,1.0,3.0
UTTAR PRADESH|AGRA,UTTAR PRADESH|AGRA,exact,1.0,1.0
UTTAR PRADESH|ALIGARH,UTTAR PRADESH|ALIGARH,exact,1.0,1.0
UTTAR PRADESH|ALLAHABAD,UTTAR PRADESH|ALLAHABAD,exact,1.0,1.0
UTTAR PRADESH|AMBEDKAR NAGAR,UTTAR PRADESH|AMBEDKAR NAGAR,exact,1.0,1.0
UTTAR PRADESH|AMETHI,UTTAR PRADESH|SULTANPUR,parent_map,1.0,2.0
UTTAR PRADESH|AMROHA,UTTAR PRADESH|JYOTIBA PHULE NAGAR,parent_map,1.0,1.0
UTTAR PRADESH|AURAIYA,UTTAR PRADESH|AURAIYA,exact,1.0,1.0
UTTAR PRADESH|AZAMGARH,UTTAR PRADESH|AZAMGARH,exact,1.0,1.0
UTTAR PRADESH|BAGHPAT,UTTAR PRADESH|BAGHPAT,exact,1.0,1.0
UTTAR PRADESH|BAHRAICH,UTTAR PRADESH|BAHRAICH,exact,1.0,1.0
UTTAR PRADESH|BALLIA,UTTAR PRADESH|BALLIA,exact,1.0,1.0
UTTAR PRADESH|BALRAMPUR,UTTAR PRADESH|BALRAMPUR,exact,1.0,1.0
UTTAR PRADESH|BANDA,UTTAR PRADESH|BANDA,exact,1.0,1.0
UTTAR PRADESH|BARABANKI,UTTAR PRADESH|BARA BANKI,parent_map,1.0,1.0
UTTAR PRADESH|BAREILLY,UTTAR PRADESH|BAREILLY,exact,1.0,1.0
UTTAR PRADESH|BASTI,UTTAR PRADESH|BASTI,exact,1.0,1.0
UTTAR PRADESH|BIJNOR,UTTAR PRADESH|BIJNOR,exact,1.0,1.0
UTTAR PRADESH|BUDAUN,UTTAR PRADESH|BUDAUN,exact,1.0,1.0
UTTAR PRADESH|BULANDSHAHR,UTTAR PRADESH|BULANDSHAHR,exact,1.0,1.0
UTTAR PRADESH|CHANDAULI,UTTAR PRADESH|CHANDAULI,exact,1.0,1.0
UTTAR PRADESH|CHITRAKOOT,UTTAR PRADESH|CHITRAKOOT,exact,1.0,1.0
UTTAR PRADESH|DEORIA,UTTAR PRADESH|DEORIA,exact,1.0,1.0
UTTAR PRADESH|ETAH,UTTAR PRADESH|ETAH,exact,1.0,1.0
UTTAR PRADESH|ETAWAH,UTTAR PRADESH|ETAWAH,exact,1.0,1.0
UTTAR PRADESH|FAIZABAD,UTTAR PRADESH|FAIZABAD,exact,1.0,1.0
UTTAR PRADESH|FARRUKHABAD,UTTAR PRADESH|FARRUKHABAD,exact,1.0,1.0
UTTAR PRADESH|FATEHPUR,UTTAR PRADESH|FATEHPUR,exact,1.0,1.0
UTTAR PRADESH|FIROZABAD,UTTAR PRADESH|FIROZABAD,exact,1.0,1.0
UTTAR PRADESH|GAUTAM BUDDHA NAGAR,UTTAR PRADESH|GAUTAM BUDDHA NAGAR,exact,1.0,1.0
UTTAR PRADESH|GHAZIABAD,UTTAR PRADESH|GHAZIABAD,exact,1.0,2.0
UTTAR PRADESH|GHAZIPUR,UTTAR PRADESH|GHAZIPUR,exact,1.0,1.0
UTTAR PRADESH|GONDA,UTTAR PRADESH|GONDA,exact,1.0,1.0
UTTAR PRADESH|GORAKHPUR,UTTAR PRADESH|GORAKHPUR,exact,1.0,1.0
UTTAR PRADESH|HAMIRPUR,UTTAR PRADESH|HAMIRPUR,exact,1.0,1.0
UTTAR PRADESH|HAPUR,UTTAR PRADESH|GHAZIABAD,parent_map,1.0,2.0
UTTAR PRADESH|HARDOI,UTTAR PRADESH|HARDOI,exact,1.0,1.0
UTTAR PRADESH|HATHRAS,UTTAR PRADESH|MAHAMAYA NAGAR,parent_map,1.0,1.0
UTTAR PRADESH|JALAUN,UTTAR PRADESH|JALAUN,exact,1.0,1.0
UTTAR PRADESH|JAUNPUR,UTTAR PRADESH|JAUNPUR,exact,1.0,1.0
UTTAR PRADESH|JHANSI,UTTAR PRADESH|JHANSI,exact,1.0,1.0
UTTAR PRADESH|KANNAUJ,UTTAR PRADESH|KANNAUJ,exact,1.0,1.0
UTTAR PRADESH|KANPUR DEHAT,UTTAR PRADESH|KANPUR DEHAT,exact,1.0,1.0
UTTAR PRADESH|KANPUR NAGAR,UTTAR PRADESH|KANPUR NAGAR,exact,1.0,1.0
UTTAR PRADESH|KASGANJ,UTTAR PRADESH|KANSHIRAM NAGAR,parent_map,1.0,1.0
UTTAR PRADESH|KAUSHAMBI,UTTAR PRADESH|KAUSHAMBI,exact,1.0,1.0
UTTAR PRADESH|KHERI,UTTAR PRADESH|KHERI,exact,1.0,1.0
UTTAR PRADESH|KUSHI NAGAR,UTTAR PRADESH|KUSHINAGAR,parent_map,1.0,1.0
UTTAR PRADESH|LALITPUR,UTTAR PRADESH|LALITPUR,exact,1.0,1.0
UTTAR PRADESH|LUCKNOW,UTTAR PRADESH|LUCKNOW,exact,1.0,1.0
UTTAR PRADESH|MAHARAJGANJ,UTTAR PRADESH|MAHRAJGANJ,parent_map,1.0,1.0
UTTAR PRADESH|MAHOBA,UTTAR PRADESH|MAHOBA,exact,1.0,1.0
UTTAR PRADESH|MAINPURI,UTTAR PRADESH|MAINPURI,exact,1.0,1.0
UTTAR PRADESH|MATHURA,UTTAR PRADESH|MATHURA,exact,1.0,1.0
UTTAR PRADESH|MAU,UTTAR PRADESH|MAU,exact,1.0,1.0
UTTAR PRADESH|MEERUT,UTTAR PRADESH|MEERUT,exact,1.0,1.0
UTTAR PRADESH|MIRZAPUR,UTTAR PRADESH|MIRZAPUR,exact,1.0,1.0
UTTAR PRADESH|MORADABAD,UTTAR PRADESH|MORADABAD,exact,1.0,2.0
UTTAR PRADESH|MUZAFFARNAGAR,UTTAR PRADESH|MUZAFFARNAGAR,exact,1.0,2.0
UTTAR PRADESH|PILIBHIT,UTTAR PRADESH|PILIBHIT,exact,1.0,1.0
UTTAR PRADESH|PRATAPGARH,UTTAR PRADESH|PRATAPGARH,exact,1.0,1.0
UTTAR PRADESH|RAE BARELI,UTTAR PRADESH|RAE BARELI,exact,1.0,1.0
UTTAR PRADESH|RAMPUR,UTTAR PRADESH|RAMPUR,exact,1.0,1.0
UTTAR PRADESH|RUDRA PRAYAG,UTTARAKHAND|RUDRAPRAYAG,parent_map,1.0,2.0
UTTAR PRADESH|SAHARANPUR,UTTAR PRADESH|SAHARANPUR,exact,1.0,1.0
UTTAR PRADESH|SAMBHAL,UTTAR PRADESH|MORADABAD,parent_map,1.0,2.0
UTTAR PRADESH|SANT KABEER NAGAR,UTTAR PRADESH|SANT KABIR NAGAR,parent_map,1.0,1.0
UTTAR PRADESH|SANT RAVIDAS NAGAR,UTTAR PRADESH|SANT RAVIDAS NAGAR BHADOHI,fuzzy_review,0.818,1.0
UTTAR PRADESH|SHAHJAHANPUR,UTTAR PRADESH|SHAHJAHANPUR,exact,1.0,1.0
UTTAR PRADESH|SHAMLI,UTTAR PRADESH|MUZAFFARNAGAR,parent_map,1.0,2.0
UTTAR PRADESH|SHRAVASTI,UTTAR PRADESH|SHRAWASTI,parent_map,1.0,1.0
UTTAR PRADESH|SIDDHARTH NAGAR,UTTAR PRADESH|SIDDHARTHNAGAR,parent_map,1.0,1.0
UTTAR PRADESH|SITAPUR,UTTAR PRADESH|SITAPUR,exact,1.0,1.0
UTTAR PRADESH|SONBHADRA,UTTAR PRADESH|SONBHADRA,exact,1.0,1.0
UTTAR PRADESH|SULTANPUR,UTTAR PRADESH|SULTANPUR,exact,1.0,2.0
UTTAR PRADESH|UDAM SINGH NAGAR,UTTARAKHAND|UDHAM SINGH NAGAR,parent_map,1.0,2.0
UTTAR PRADESH|UNNAO,UTTAR PRADESH|UNNAO,exact,1.0,1.0
UTTAR PRADESH|UTTAR KASHI,UTTARAKHAND|UTTARKASHI,parent_map,1.0,2.0
UTTAR PRADESH|VARANASI,UTTAR PRADESH|VARANASI,exact,1.0,1.0
UTTARAKHAND|ALMORA,UTTARAKHAND|ALMORA,exact,1.0,1.0
UTTARAKHAND|BAGESHWAR,UTTARAKHAND|BAGESHWAR,exact,1.0,1.0
UTTARAKHAND|CHAMOLI,UTTARAKHAND|CHAMOLI,exact,1.0,1.0
UTTARAKHAND|CHAMPAWAT,UTTARAKHAND|CHAMPAWAT,exact,1.0,1.0
UTTARAKHAND|DEHRADUN,UTTARAKHAND|DEHRADUN,exact,1.0,1.0
UTTARAKHAND|HARIDWAR,UTTARAKHAND|HARDWAR,fuzzy_auto,0.933,1.0
UTTARAKHAND|NAINITAL,UTTARAKHAND|NAINITAL,exact,1.0,1.0
UTTARAKHAND|PAURI GARHWAL,UTTARAKHAND|GARHWAL,parent_map,1.0,1.0
UTTARAKHAND|PITHORAGARH,UTTARAKHAND|PITHORAGARH,exact,1.0,1.0
UTTARAKHAND|RUDRA PRAYAG,UTTARAKHAND|RUDRAPRAYAG,fuzzy_auto,0.957,2.0
UTTARAKHAND|TEHRI GARHWAL,UTTARAKHAND|TEHRI GARHWAL,exact,1.0,1.0
UTTARAKHAND|UDAM SINGH NAGAR,UTTARAKHAND|UDHAM SINGH NAGAR,fuzzy_auto,0.97,2.0
UTTARAKHAND|UTTAR KASHI,UTTARAKHAND|UTTARKASHI,fuzzy_auto,0.952,2.0
WEST BENGAL|ALIPURDUAR,WEST BENGAL|JALPAIGURI,parent_map,1.0,2.0
WEST BENGAL|BANKURA,WEST BENGAL|BANKURA,exact,1.0,1.0
WEST BENGAL|BIRBHUM,WEST BENGAL|BIRBHUM,exact,1.0,1.0
WEST BENGAL|COOCHBEHAR,WEST BENGAL|KOCH BIHAR,parent_map,1.0,1.0
WEST BENGAL|DAKSHIN DINAJPUR,WEST BENGAL|DAKSHIN DINAJPUR,exact,1.0,1.0
WEST BENGAL|DARJEELING,WEST BENGAL|DARJILING,parent_map,1.0,2.0
WEST BENGAL|HOOGHLY,WEST BENGAL|HUGLI,parent_map,1.0,1.0
WEST BENGAL|HOWRAH,WEST BENGAL|HAORA,parent_map,1.0,1.0
WEST BENGAL|JALPAIGURI,WEST BENGAL|JALPAIGURI,exact,1.0,2.0
WEST BENGAL|JHARGRAM,WEST BENGAL|PASCHIM MEDINIPUR,parent_map,1.0,2.0
WEST BENGAL|KALIMPONG,WEST BENGAL|DARJILING,parent_map,1.0,2.0
WEST BENGAL|MALDAH,WEST BENGAL|MALDAH,exact,1.0,1.0
WEST BENGAL|MURSHIDABAD,WEST BENGAL|MURSHIDABAD,exact,1.0,1.0
WEST BENGAL|NADIA,WEST BENGAL|NADIA,exact,1.0,1.0
WEST BENGAL|NORTH 24 PARGANAS,WEST BENGAL|NORTH TWENTY FOUR PARGANAS,parent_map,1.0,1.0
WEST BENGAL|PASCHIM BARDHAMAN,WEST BENGAL|BARDDHAMAN,parent_map,1.0,2.0
WEST BENGAL|PASHCHIM MEDINIPUR,WEST BENGAL|PASCHIM MEDINIPUR,parent_map,1.0,2.0
WEST BENGAL|PURBA BARDHAMAN,WEST BENGAL|BARDDHAMAN,parent_map,1.0,2.0
WEST BENGAL|PURBA MEDINIPUR,WEST BENGAL|PURBA MEDINIPUR,exact,1.0,1.0
WEST BENGAL|PURULIA,WEST BENGAL|PURULIYA,parent_map,1.0,1.0
WEST BENGAL|SOUTH 24 PARGANAS,WEST BENGAL|SOUTH TWENTY FOUR PARGANAS,parent_map,1.0,1.0
WEST BENGAL|UTTAR DINAJPUR,WEST BENGAL|UTTAR DINAJPUR,exact,1.0,1.0
