district_key,rich_annual_mean,shannon_annual_mean,simpson_annual_mean,rich_pooled,shannon_pooled,simpson_pooled,n_years
ANDAMAN AND NICOBAR ISLANDS|NICOBARS,11.588235294117647,0.5130830671868093,0.2209966180151327,18,0.5399227167820276,0.22314877738149874,17
ANDAMAN AND NICOBAR ISLANDS|NORTH AND MIDDLE ANDAMAN,17.307692307692307,1.6227843025739896,0.7101370743533356,23,1.706136535862201,0.7199651607127822,13
ANDAMAN AND NICOBAR ISLANDS|PURULIA,1.0,0.0,0.0,1,-0.0,0.0,3
ANDAMAN AND NICOBAR ISLANDS|SOUTH ANDAMANS,15.066666666666666,1.46775178140685,0.675723765941056,22,1.6127176455820096,0.7385208474908823,15
ANDHRA PRADESH|ANANTAPUR,28.73913043478261,1.2467352356622323,0.5011784805715372,41,1.4862208635628982,0.5699889724127436,23
ANDHRA PRADESH|CHITTOOR,28.08695652173913,1.5635968273986394,0.6624956587927207,39,1.724730339874162,0.6983271089259783,23
ANDHRA PRADESH|EAST GODAVARI,28.0,1.4893540548844129,0.5873360194748418,42,1.5797535347716125,0.5958999614814964,23
ANDHRA PRADESH|GUNTUR,24.82608695652174,1.8601355694149648,0.7739223106693519,39,1.9445518003057842,0.7851653283633471,23
ANDHRA PRADESH|KADAPA,29.17391304347826,2.0628304866943385,0.807940929546699,41,2.2455122267450554,0.8416348372128989,23
ANDHRA PRADESH|KARIMNAGAR,23.1875,1.6057155646877728,0.7130338997357826,33,1.6519147433277008,0.7235668779758827,16
ANDHRA PRADESH|KHAMMAM,22.5,1.8686622095764587,0.7635136865846035,36,1.9231396858071317,0.769631955855027,16
ANDHRA PRADESH|KRISHNA,22.91304347826087,1.4681054332894292,0.6334826053160593,39,1.5120740031233466,0.640404698987632,23
ANDHRA PRADESH|KURNOOL,28.608695652173914,2.2450799109094226,0.8549790316668916,40,2.4594868580715534,0.8866109833440616,23
ANDHRA PRADESH|MEDAK,28.875,2.3144783130717106,0.8638209014666645,40,2.400818967610463,0.874968661572714,16
ANDHRA PRADESH|NALGONDA,20.9375,1.75806746656684,0.7331146545797734,32,1.8270382860413887,0.7483058412692667,16
ANDHRA PRADESH|NIZAMABAD,26.375,2.0318410942268352,0.7773587010590569,38,2.1338035042774943,0.786535125555931,16
ANDHRA PRADESH|PRAKASAM,27.695652173913043,2.3763116086611156,0.8720312101163298,40,2.519224255477269,0.8897848099847911,23
ANDHRA PRADESH|RANGAREDDI,28.0,2.3318589712058624,0.8652183443552797,39,2.4455185187021136,0.8809261278053057,16
ANDHRA PRADESH|SRI POTTI SRIRAMULU NELLORE,24.782608695652176,1.2606966166079776,0.4870201341729871,40,1.3355724307876544,0.4925370079635315,23
ANDHRA PRADESH|SRIKAKULAM,25.217391304347824,1.8148650179693928,0.7058766476358251,39,1.9023193620267362,0.7110576036612228,23
ANDHRA PRADESH|VISAKHAPATANAM,29.782608695652176,2.2837008649511144,0.8281439969346728,40,2.398173914201212,0.8375994668441362,23
ANDHRA PRADESH|VIZIANAGARAM,27.347826086956523,2.185919881883264,0.8133406588514093,40,2.3316539198059463,0.8302721170377377,23
ANDHRA PRADESH|WARANGAL,21.8125,1.8973775928472862,0.7875311188222752,31,1.9372880922832654,0.7922707529335014,16
ANDHRA PRADESH|WEST GODAVARI,22.043478260869566,1.2853839975235812,0.5084222666921633,41,1.402484655339358,0.5246589408461493,23
ARUNACHAL PRADESH|ANJAW,10.25,1.194940204917262,0.6307013395496506,18,1.2746840901459344,0.6594493057960773,16
ARUNACHAL PRADESH|CHANGLANG,11.08695652173913,1.3819100276743839,0.6393382406219124,20,1.522765493805619,0.6635294259955992,23
ARUNACHAL PRADESH|DIBANG VALLEY,8.782608695652174,1.2560394275278306,0.6297422225218836,21,1.4328422571242865,0.67325570118362,23
ARUNACHAL PRADESH|EAST KAMENG,8.956521739130435,0.9992705739544228,0.5051732281014898,20,1.0923501695740423,0.525808490817272,23
ARUNACHAL PRADESH|EAST SIANG,11.304347826086957,1.349646131649923,0.637347418865249,21,1.4364018027363847,0.651350203507499,23
ARUNACHAL PRADESH|KAMLE,16.0,1.5093050079062749,0.6000626929027946,16,1.509309285962893,0.6000636241242174,2
ARUNACHAL PRADESH|KRA DAADI,13.4,1.996342289888823,0.8181036688001242,15,2.047814998831578,0.823604590155558,5
ARUNACHAL PRADESH|KURUNG KUMEY,8.444444444444445,1.33082432055359,0.6466067406897954,17,1.2258372472837666,0.5956320605883108,18
ARUNACHAL PRADESH|LEPARADA,20.0,1.2836778761284742,0.5222058820059416,20,1.2836778761284742,0.5222058820059416,1
ARUNACHAL PRADESH|LOHIT,11.304347826086957,1.1758811927207693,0.6019482949584013,21,1.2414258630424655,0.6093591758046258,23
ARUNACHAL PRADESH|LONGDING,10.428571428571429,1.3490083875852863,0.6926219781348155,14,1.3821490081653252,0.6947234440239196,7
ARUNACHAL PRADESH|LOWER DIBANG VALLEY,11.833333333333334,1.3642435257617103,0.6651277536029583,22,1.4725918475629793,0.6833297820964448,18
ARUNACHAL PRADESH|LOWER SIANG,20.0,1.8621693794257708,0.7567961293713095,20,1.862139035103018,0.756792444945694,2
ARUNACHAL PRADESH|LOWER SUBANSIRI,9.782608695652174,1.0954897817136504,0.5221856676587923,20,1.124135271100355,0.521742268948398,23
ARUNACHAL PRADESH|NAMSAI,15.666666666666666,1.3980245535867073,0.6030210213465109,21,1.7732404025041562,0.752824376547277,6
ARUNACHAL PRADESH|PAKKE KESSANG,16.0,1.572975889476456,0.6356036083640761,16,1.572975889476456,0.6356036083640761,1
ARUNACHAL PRADESH|PAPUM PARE,11.043478260869565,1.1229756445766768,0.5396672381828982,21,1.2184246202832774,0.55596350866103,23
ARUNACHAL PRADESH|SHI YOMI,16.0,1.0094580167591862,0.4081626680401761,16,1.0094580167591862,0.4081626680401761,1
ARUNACHAL PRADESH|SIANG,18.4,1.5896610074975144,0.6739379705441806,21,1.615051975700462,0.6764749417863194,5
ARUNACHAL PRADESH|TAWANG,8.347826086956522,1.7106051685832109,0.7962509298319503,15,1.7879081869025484,0.805990432960951,23
ARUNACHAL PRADESH|TIRAP,8.869565217391305,1.2393490200006374,0.6667520773006318,19,1.300448666863398,0.6869731052625785,23
ARUNACHAL PRADESH|UPPER SIANG,8.434782608695652,1.0940314647351956,0.5312141942527402,20,1.1954030177241457,0.5721631888596719,23
ARUNACHAL PRADESH|UPPER SUBANSIRI,9.608695652173912,1.2770247047235836,0.6122584240552823,20,1.3253013490087442,0.6146890743076148,23
ARUNACHAL PRADESH|WEST KAMENG,8.08695652173913,1.4789125410371873,0.6887840276322589,15,1.5578090361035795,0.6970310198283465,23
ARUNACHAL PRADESH|WEST SIANG,11.08695652173913,0.9312421843572779,0.45058371750519355,22,0.9764691201282494,0.4732049042929469,23
ASSAM|BAKSA,31.066666666666666,1.2038036736829452,0.4329919114198857,32,1.220047131762556,0.43360656236799766,15
ASSAM|BARPETA,29.695652173913043,1.4875815326572142,0.5473502435826643,32,1.5128266206611625,0.5463727545718373,23
ASSAM|BISWANATH,2.0,0.46255800310679496,0.2877709115536857,2,0.46255800310679496,0.2877709115536857,1
ASSAM|BONGAIGAON,29.08695652173913,1.4059082545984873,0.516877262096799,32,1.427588541242522,0.5155257779253828,23
ASSAM|CACHAR,29.0,0.7155771286354893,0.2531546454419907,32,0.7317189780404068,0.25419256799084533,23
ASSAM|CHARAIDEO,2.0,0.601269478993648,0.4109726352367269,2,0.601269478993648,0.4109726352367269,1
ASSAM|CHIRANG,30.866666666666667,1.4901120797384266,0.5650518868989506,32,1.5142557410671067,0.5684013266339882,15
ASSAM|DARRANG,28.956521739130434,1.4447032698075903,0.5456082750833444,32,1.4548135967947597,0.536260003972455,23
ASSAM|DHEMAJI,29.565217391304348,0.9975680970781131,0.4253258775939381,32,1.0251445792576843,0.42835528491339026,23
ASSAM|DHUBRI,28.608695652173914,1.5591924976412534,0.5901310978118769,32,1.604854890338466,0.5932568075290146,23
ASSAM|DIBRUGARH,26.391304347826086,0.675546825371518,0.25099722665314445,32,0.7571781378037468,0.2750529323838893,23
ASSAM|DIMA HASAO,28.304347826086957,1.8809812472054837,0.7100587542796966,32,2.038971233238623,0.7510507287577317,23
ASSAM|GOALPARA,29.347826086956523,1.2978138161955266,0.4587274076465367,32,1.340875463701841,0.46143608928276414,23
ASSAM|GOLAGHAT,28.565217391304348,1.064239048986403,0.39253657021950067,32,1.0859396698348893,0.38943973425267864,23
ASSAM|HAILAKANDI,26.347826086956523,0.7786751953445565,0.29020189470430635,32,0.8085441500534841,0.2917323717692015,23
ASSAM|HOJAI,2.0,0.6802426739679679,0.48715109842083804,2,0.6802426739679679,0.48715109842083804,1
ASSAM|JORHAT,27.73913043478261,1.0142160231835458,0.3974461730047705,32,1.057874960036026,0.40035647957491527,23
ASSAM|KAMRUP,29.434782608695652,1.2395366150335756,0.4449526447742254,32,1.2760188070816103,0.44808979801948234,23
ASSAM|KAMRUP METRO,29.866666666666667,0.8503657422520315,0.2926080110080299,32,0.8607864976819808,0.29215018679093474,15
ASSAM|KARBI ANGLONG,29.52173913043478,1.3132039749378073,0.49615839851568727,32,1.3372465952146557,0.4988084172505136,23
ASSAM|KARIMGANJ,25.869565217391305,0.5558863740852638,0.19520719401399808,32,0.5711500032300855,0.19547810378800812,23
ASSAM|KOKRAJHAR,29.695652173913043,1.3070899010109356,0.5038071636044148,32,1.3314419748038955,0.5067858358342651,23
ASSAM|LAKHIMPUR,29.608695652173914,1.022544209521182,0.4239987862940045,32,1.0615643143029552,0.43010036386072426,23
ASSAM|MAJULI,2.0,0.5752791897453828,0.3868413611084929,2,0.5752791897453828,0.3868413611084929,1
ASSAM|MARIGAON,29.608695652173914,1.1482452822683402,0.4215830740425783,32,1.1795888617354164,0.42447115760342125,23
ASSAM|NAGAON,29.565217391304348,1.2483149580480224,0.4515783345608039,32,1.2730377316884547,0.45397180909135815,23
ASSAM|NALBARI,29.565217391304348,1.1335879765944512,0.4143392045441791,32,1.1751513189154759,0.41479410712735665,23
ASSAM|SIVASAGAR,27.695652173913043,0.5216987500324288,0.18070855618099155,32,0.5392046078243342,0.18189468320339153,23
ASSAM|SONITPUR,29.608695652173914,1.2322953878452303,0.4545796471848475,32,1.2594118921767457,0.4551513427719457,23
ASSAM|SOUTH SALMARA MANCACHAR,1.0,0.0,0.0,1,-0.0,0.0,1
ASSAM|TINSUKIA,28.434782608695652,1.0451720399589361,0.4115981924111448,32,1.0740685655000013,0.41311664376881463,23
ASSAM|UDALGURI,29.733333333333334,1.288490100928051,0.46754032193290995,32,1.310645408775721,0.4709453838007286,15
ASSAM|WEST KARBI ANGLONG,2.0,0.35582926835480455,0.20278538546704739,2,0.35582926835480455,0.20278538546704739,1
BIHAR|ARARIA,24.0,1.6446973702888448,0.7088306670559266,38,1.7387137989603914,0.7204357764359386,23
BIHAR|ARWAL,22.375,1.2956167545330404,0.5904151063293501,35,1.320193002163041,0.5924188049682018,16
BIHAR|AURANGABAD,21.73913043478261,1.2675206557178824,0.5933490550044017,36,1.3075937980715473,0.6009120540219774,23
BIHAR|BANKA,20.82608695652174,1.240286289650576,0.5415999539203883,36,1.286447709031639,0.5514490373579358,23
BIHAR|BEGUSARAI,27.52173913043478,1.5076076393377351,0.7041865312990194,40,1.5668468548070535,0.7084667518190951,23
BIHAR|BHAGALPUR,29.17391304347826,1.8080746645068497,0.7659592251774595,38,1.872192663871206,0.773678191498214,23
BIHAR|BHOJPUR,23.043478260869566,1.3475996085101836,0.6292619687572187,33,1.3996657681666305,0.6404688867490258,23
BIHAR|BUXAR,20.304347826086957,1.303832962391688,0.6189228042501874,32,1.364735061968213,0.6318365839560143,23
BIHAR|DARBHANGA,22.26086956521739,1.3466846504269347,0.6479406933780364,37,1.391107588534112,0.652262363796096,23
BIHAR|DEOGHAR,13.0,0.7616124838798589,0.37756254965997377,19,0.8022063504365101,0.34515391308333165,3
BIHAR|DHANBAD,10.0,0.46701558650225755,0.2044899689228252,15,0.48938974483936326,0.2010034726910196,3
BIHAR|GARHWA,20.666666666666668,1.7992783553605556,0.7350703524508501,29,2.228106563886276,0.8207858624074275,3
BIHAR|GAYA,26.08695652173913,1.4037605427252569,0.6261899326571303,38,1.4586062591306144,0.6378281889285297,23
BIHAR|GOPALGANJ,22.695652173913043,1.3531519986298384,0.6678485823838729,36,1.38812504065343,0.6754273709199767,23
BIHAR|JAMUI,16.82608695652174,1.2370510788517146,0.5537289322940103,28,1.3468368470343597,0.5923355846311216,23
BIHAR|JEHANABAD,22.347826086956523,1.3596874608239347,0.6387118524527822,37,1.4295378165799772,0.6561038426059733,23
BIHAR|KAIMUR (BHABUA),19.52173913043478,1.1789862815223788,0.5811882050717059,35,1.2173946916595106,0.5919686522363483,23
BIHAR|KATIHAR,26.652173913043477,1.637615302482552,0.7228385114486521,40,1.6982220871846874,0.7323219201505522,23
BIHAR|KHAGARIA,27.08695652173913,1.534714455056235,0.6979231095536135,40,1.5716890730715831,0.7027080354205533,23
BIHAR|KISHANGANJ,25.434782608695652,1.4816551671437281,0.6318792752136272,39,1.523919094128977,0.6373371110063911,23
BIHAR|LAKHISARAI,13.478260869565217,1.510329312925579,0.6965293420164393,29,1.623700217578374,0.7258230061469814,23
BIHAR|MADHEPURA,25.869565217391305,1.7144967658247647,0.748249283551544,39,1.7831704038694587,0.7555263204967955,23
BIHAR|MADHUBANI,27.52173913043478,1.1122468796798366,0.5461631938123643,38,1.137469335024229,0.5473795627323955,23
BIHAR|MUNGER,18.434782608695652,1.2935744799100573,0.6310948830428557,32,1.3603313468736316,0.6512301081854415,23
BIHAR|MUZAFFARPUR,25.956521739130434,1.4288102783037215,0.6797498983342447,38,1.4742935572222382,0.687327200451014,23
BIHAR|NALANDA,22.043478260869566,1.3354808726246226,0.6374735859327878,34,1.395794078402453,0.6526977527728177,23
BIHAR|NAWADA,24.782608695652176,1.239070075865493,0.5885348725473277,38,1.2850853630887586,0.6036759084271688,23
BIHAR|PASHCHIM CHAMPARAN,26.73913043478261,1.5052622106890776,0.696358909064265,37,1.5879313732839873,0.7200374785152888,23
BIHAR|PATNA,21.47826086956522,1.6471811864160888,0.7377913275279774,34,1.7501224934017385,0.7538645322957791,23
BIHAR|PURBI CHAMPARAN,23.608695652173914,1.296543432226526,0.6257753919552849,36,1.3369956018455735,0.6339823858163547,23
BIHAR|PURNIA,23.91304347826087,1.6382678236961452,0.7189745257849838,39,1.727914956395533,0.7342013290451904,23
BIHAR|ROHTAS,22.869565217391305,1.03253190531982,0.5469791322858708,38,1.0706761065489814,0.5611383408976083,23
BIHAR|SAHARSA,23.0,1.4389439824202568,0.6958226286060953,36,1.5009603892903964,0.7032060518180624,23
BIHAR|SAMASTIPUR,27.695652173913043,1.744615006220844,0.7572832485008198,40,1.8008581735913287,0.761869835518969,23
BIHAR|SARAN,22.82608695652174,1.2992876030752263,0.6554918277984592,35,1.3280212661649193,0.6597393723318878,23
BIHAR|SHEIKHPURA,14.869565217391305,1.3166615961426524,0.633627493064526,29,1.3835233578636443,0.6522581047808123,23
BIHAR|SHEOHAR,19.652173913043477,1.30579639150008,0.6106121372879495,35,1.3503820862011613,0.616329914756242,23
BIHAR|SITAMARHI,23.565217391304348,1.3165333859238153,0.6301669150487289,38,1.3765532631979134,0.6402753051618808,23
BIHAR|SIWAN,26.217391304347824,1.290481997954949,0.6343150935307752,39,1.3182578182235605,0.6387807003963578,23
BIHAR|SUPAUL,25.304347826086957,1.7012155332400083,0.7149066869451659,38,1.7591041318527685,0.7201332598964062,23
BIHAR|VAISHALI,25.695652173913043,1.6860858978364197,0.7596781514046521,38,1.7593912412569155,0.7669466197461795,23
CHANDIGARH|CHANDIGARH,5.636363636363637,0.632398869175793,0.2886923158703892,12,0.9031282525925254,0.39734426540542955,22
CHHATTISGARH|BALOD,27.88888888888889,0.8833108341822881,0.39855138733925244,36,0.9031043867086923,0.4045774151008632,9
CHHATTISGARH|BALODA BAZAR,33.333333333333336,0.63061738893224,0.25281569127974207,39,0.6579967556315058,0.2606330143324149,9
CHHATTISGARH|BALRAMPUR,36.22222222222222,2.0352246396734492,0.74949413819272,42,2.1022896426324382,0.7593254026582941,9
CHHATTISGARH|BASTAR,36.35,1.0677928736932274,0.4160307158992045,40,1.0983514703115793,0.424620250930109,20
CHHATTISGARH|BEMETARA,31.666666666666668,1.438260805748984,0.672129535828735,37,1.4526768037675857,0.6737341683792654,9
CHHATTISGARH|BIJAPUR,23.928571428571427,0.3488691422046091,0.11213210303228782,31,0.3545561513561442,0.11251694592903172,14
CHHATTISGARH|BILASPUR,35.65,1.0056913025688226,0.4051725501265845,40,1.0918984843752955,0.4425449952705518,20
CHHATTISGARH|DAKSHIN BASTAR DANTEWADA,29.8,0.9602156257811221,0.45727116892576947,39,0.9824208211873613,0.4595273643758997,20
CHHATTISGARH|DHAMTARI,33.6,0.8828131075569627,0.36125111500347484,37,0.9089748693589126,0.3653613718228522,20
CHHATTISGARH|DURG,33.4,1.199153890577446,0.5185558647284152,41,1.316155013444813,0.568206901140522,20
CHHATTISGARH|GARIYABAND,31.77777777777778,0.6128925005405326,0.22110045544066403,39,0.6352564244712082,0.22402806519467744,9
CHHATTISGARH|GAURELLA-PENDRA-MARWAHI,32.0,0.6195272531456373,0.20969418306509635,32,0.6195272531456373,0.20969418306509635,1
CHHATTISGARH|JANJGIR-CHAMPA,31.727272727272727,0.48415043809578984,0.1808852868609512,37,0.5207973864988783,0.1860112616930748,22
CHHATTISGARH|JASHPUR,36.15,1.2694672294611422,0.47958119054225523,38,1.2755278514821637,0.48055743596744926,20
CHHATTISGARH|KABIRDHAM,30.05,1.7451129532359997,0.7401750324262337,38,1.7975808391338095,0.7461289191307094,20
CHHATTISGARH|KANKER,33.45,0.9857455450642745,0.37627901434235544,39,0.9988696528771469,0.37837362223496307,20
CHHATTISGARH|KONDAGAON,34.55555555555556,1.018730246284289,0.4217430699134219,38,1.0205089202997217,0.42164527602090207,9
CHHATTISGARH|KORBA,35.05,1.022565764132259,0.36235559405401,38,1.033852120513665,0.3650233411896897,20
CHHATTISGARH|KOREA,33.15,1.6173423419076347,0.6062665826877475,40,1.6277381252457117,0.6089401985108489,20
CHHATTISGARH|MAHASAMUND,32.5,0.550587968241428,0.19934533049145084,40,0.563046251995146,0.19968998919037595,20
CHHATTISGARH|MUNGELI,29.333333333333332,1.2383278657070191,0.6100652922095794,35,1.2455436850733945,0.6134773152342761,9
CHHATTISGARH|NARAYANPUR,24.466666666666665,0.9890689859811734,0.40985886267120325,32,1.0845891429699952,0.4475573938949746,15
CHHATTISGARH|RAIGARH,35.65,0.9575640131266671,0.3354820050952495,39,0.9673370171185413,0.3367041880288897,20
CHHATTISGARH|RAIPUR,34.5,0.7489223859768014,0.29650378142801204,41,0.8052085920580871,0.3158984397466684,20
CHHATTISGARH|RAJNANDGAON,37.35,1.4404401220046688,0.5935587630498159,41,1.4859373598677923,0.5984044979997011,20
CHHATTISGARH|SUKMA,24.555555555555557,0.8595973920128499,0.36123615459038955,33,0.8695563893666364,0.3635127064474202,9
CHHATTISGARH|SURAJPUR,35.888888888888886,1.6675842140922583,0.5784742473178812,38,1.6746814220396713,0.57935748929029,9
CHHATTISGARH|SURGUJA,37.3,1.6827938965578304,0.6046578698081099,42,1.7688057202293355,0.6345092979164705,20
DELHI|CHANDIGARH,1.0,0.0,0.0,1,-0.0,0.0,2
DELHI|SURGUJA,1.0,0.0,0.0,1,-0.0,0.0,8
GOA|CHANDIGARH,1.0,0.0,0.0,1,-0.0,0.0,2
GOA|NORTH GOA,8.235294117647058,1.1395175383932645,0.584333594795583,13,1.4280379522325486,0.695383375971016,17
GOA|SOUTH GOA,7.9411764705882355,1.0080080266027727,0.5149311137655311,13,1.3373753900115102,0.6698441259003238,17
GOA|SURGUJA,1.0,0.0,0.0,1,-0.0,0.0,4
GUJARAT|AHMADABAD,19.869565217391305,1.7092448816478645,0.7615446852701592,29,1.830145563639852,0.7778505184037281,23
GUJARAT|AMRELI,18.782608695652176,1.2183563095713676,0.565489226095702,29,1.4470261318537259,0.6615516133483864,23
GUJARAT|ANAND,21.0,1.7438493725830957,0.7703559564848758,29,1.793534235476737,0.7811812767941806,17
GUJARAT|ARAVALLI,21.0,2.2239527524525298,0.8604921362087822,24,2.254890876219227,0.865415227372845,6
GUJARAT|BANAS KANTHA,21.695652173913043,2.098551327040005,0.8283695497171719,29,2.232789381945548,0.8460764650338517,23
GUJARAT|BHARUCH,20.608695652173914,1.8784308953249835,0.7620527789058242,29,1.957443439227793,0.7748088745871735,23
GUJARAT|BHAVNAGAR,19.17391304347826,1.4976867368388638,0.6819176953933653,27,1.6320889379886718,0.7143915832566872,23
GUJARAT|BOTAD,15.166666666666666,0.4968747857132853,0.20238393428766366,19,0.5141924939984241,0.2050417914745689,6
GUJARAT|CHHOTAUDEPUR,20.333333333333332,1.6581012484042172,0.7409624021794068,24,1.6869311332770063,0.7458043123657536,6
GUJARAT|DANG,13.347826086956522,2.0229295465537276,0.8275991740344143,23,2.3084658100470588,0.8567770151257756,23
GUJARAT|DEVBHUMI DWARKA,14.833333333333334,0.7503726012081762,0.35034138090974026,23,0.8004432689959573,0.35791532399830195,6
GUJARAT|DOHAD,19.41176470588235,1.7426936052324784,0.7600695948720725,26,1.8231876139129846,0.7689231596764717,17
GUJARAT|GANDHINAGAR,17.956521739130434,2.155607377668465,0.8524146155840135,25,2.2915077030555535,0.8649384123278141,23
GUJARAT|GIR SOMNATH,17.666666666666668,1.6024275328770923,0.6839181809582274,21,1.6946363399201991,0.7057207866496065,6
GUJARAT|JAMNAGAR,19.08695652173913,1.2798775705239138,0.5742912015435949,26,1.5248765466930452,0.6362115568107851,23
GUJARAT|JUNAGADH,18.869565217391305,1.291903501399498,0.5570712006074324,28,1.4900357005507647,0.5993400467759155,23
GUJARAT|KACHCHH,17.73913043478261,2.129566028389178,0.8604919007280829,27,2.2716991764969805,0.8843509688995341,23
GUJARAT|KHEDA,23.82608695652174,1.991393954030794,0.8137046074160645,29,2.0780253852148864,0.8240026595939104,23
GUJARAT|MAHESANA,22.652173913043477,2.1950466349093984,0.8528981569934975,28,2.3515382694115243,0.8745472866135728,23
GUJARAT|MAHISAGAR,23.333333333333332,1.9498217142229353,0.795908742208728,27,1.9744241844110544,0.7994398919310894,6
GUJARAT|MORBI,17.833333333333332,1.3028540048253137,0.6158455043840548,21,1.3326841624823473,0.6217315397025437,6
GUJARAT|NARMADA,18.529411764705884,1.992665802651528,0.7937013722864745,26,2.0519028350137205,0.8006075090714906,17
GUJARAT|NAVSARI,17.352941176470587,1.101638001786726,0.5097724458096428,25,1.158232799751977,0.5278005718416812,17
GUJARAT|PANCH MAHALS,24.17391304347826,1.7848419652479302,0.7410417336074044,30,1.8671800770873166,0.7495392184779499,23
GUJARAT|PATAN,19.352941176470587,2.0615996427010597,0.831973407941112,28,2.201325869691417,0.8614604012790676,17
GUJARAT|PORBANDAR,14.176470588235293,1.3085819719074503,0.5763508156633107,22,1.4504601140682283,0.6143968880230951,17
GUJARAT|RAJKOT,19.652173913043477,1.342107336251774,0.6403530612496641,27,1.516588903237822,0.676819426383932,23
GUJARAT|SABAR KANTHA,21.217391304347824,2.170479307592935,0.8431038320399038,27,2.330472073436209,0.8711859998759207,23
GUJARAT|SURAT,22.434782608695652,1.741980148014768,0.7383316136172029,30,1.8161964484543194,0.74884372079255,23
GUJARAT|SURENDRANAGAR,18.608695652173914,1.2829252783567235,0.5533236051920543,28,1.3820138992410478,0.5651652359127273,23
GUJARAT|TAPI,18.916666666666668,2.0573420569788583,0.8133752378571745,24,2.1136936524480605,0.8206834299938827,12
GUJARAT|VADODARA,25.08695652173913,2.0720571388381166,0.80995478170674,29,2.192354036309276,0.8214013431993196,23
GUJARAT|VALSAD,15.304347826086957,1.3538027716634058,0.5814180401046943,24,1.4180851961103662,0.5903471748416089,23
HARYANA|AMBALA,18.73913043478261,1.198507866659653,0.6152469086478096,33,1.2382608653987723,0.6176279469938739,23
HARYANA|BHIWANI,19.17391304347826,1.7197724100767353,0.7828554412054176,30,1.8503094213841322,0.8086180090748777,23
HARYANA|CHARKI DADRI,13.5,1.4841385910047085,0.7125789357839531,22,1.7911556556907064,0.8057445192026633,4
HARYANA|FARIDABAD,16.08695652173913,1.211157656849484,0.5548546413778247,31,1.339706429672787,0.5740135552374758,23
HARYANA|FATEHABAD,18.043478260869566,1.342774916209834,0.6723011473453911,29,1.383332066144454,0.6775395170717351,23
HARYANA|GURGAON,16.695652173913043,1.3664516402003521,0.6677648402182573,29,1.461512537476168,0.6820351814127924,23
HARYANA|HISAR,19.565217391304348,1.6404509633226456,0.7476925630307104,33,1.713427798486554,0.7561975085550037,23
HARYANA|JHAJJAR,17.0,1.623393682991758,0.7281739523627655,29,1.6982396344139028,0.7394917854864951,23
HARYANA|JIND,16.0,1.3250187949088563,0.6622001233438801,28,1.3559516409792822,0.6675382981815554,23
HARYANA|KAITHAL,17.043478260869566,0.9344788255129357,0.5481016932543982,31,0.9499824879306245,0.549496285887917,23
HARYANA|KARNAL,19.17391304347826,0.9420671915609032,0.5444637720064571,32,0.9688455861540166,0.5533695377193885,23
HARYANA|KURUKSHETRA,17.043478260869566,1.11134973619074,0.5969181103825622,30,1.1334998297248424,0.597995847886721,23
HARYANA|MAHENDRAGARH,14.956521739130435,1.2948494013472212,0.6760482482956821,30,1.4049072431918603,0.7070265735711263,23
HARYANA|MEWAT,17.066666666666666,1.493211458793565,0.6814624864748828,27,1.5498918894225313,0.6882161178089847,15
HARYANA|PALWAL,15.833333333333334,1.2567929624620948,0.5852420480920958,25,1.3041381408529646,0.5921316312148879,12
HARYANA|PANCHKULA,19.52173913043478,1.604363026864006,0.704947202844411,33,1.7142574229195988,0.7072215121873393,23
HARYANA|PANIPAT,17.695652173913043,0.9458092516770167,0.548417941657762,32,0.9630605168374187,0.5512890444315206,23
HARYANA|REWARI,16.91304347826087,1.3039472838864223,0.6849959598227248,30,1.3731800569185095,0.7020075830925754,23
HARYANA|ROHTAK,16.73913043478261,1.7109797451800148,0.7334935102968076,31,1.7816762359971405,0.7412179442853786,23
HARYANA|SIRSA,19.17391304347826,1.3814983277920332,0.6798971285629057,30,1.448477219520309,0.6878966325660403,23
HARYANA|SONIPAT,18.043478260869566,1.256610686878881,0.6101668884592519,31,1.2933943967362886,0.6132700023382014,23
HARYANA|YAMUNANAGAR,19.0,1.320159846917266,0.6713676686973465,31,1.3822726757354706,0.6811573829448416,23
HIMACHAL PRADESH|BILASPUR,19.09090909090909,0.9216820773323087,0.5450611545141713,33,0.9287781771509382,0.5455478059254767,22
HIMACHAL PRADESH|CHAMBA,19.181818181818183,1.4830995380427616,0.6813268229761765,30,1.5180098520724719,0.6837332845550012,22
HIMACHAL PRADESH|HAMIRPUR,17.5,0.8693668038622921,0.5382843001313109,30,0.8746576422666528,0.5388461828933959,22
HIMACHAL PRADESH|KANGRA,23.454545454545453,1.3405332406475026,0.6661551765199546,34,1.3559135621124658,0.6666350168834568,22
HIMACHAL PRADESH|KINNAUR,9.090909090909092,1.5069287615526734,0.7179142901665614,15,1.6988279788977951,0.75706666585194,22
HIMACHAL PRADESH|KULLU,19.5,1.4439172913660343,0.6590085063028726,27,1.4955217424565885,0.6629691585907864,22
HIMACHAL PRADESH|LAHUL AND SPITI,6.454545454545454,1.262860576519508,0.6541411820762066,12,1.4071866981830952,0.7039830251245875,22
HIMACHAL PRADESH|MANDI,23.454545454545453,1.3686018505361723,0.6674503330613547,31,1.3904148100247649,0.6681766151925776,22
HIMACHAL PRADESH|SHIMLA,23.0,1.9301346137455446,0.7959538383668349,28,1.9962356150905631,0.7992064372764975,22
HIMACHAL PRADESH|SIRMAUR,23.227272727272727,1.6587390295045095,0.7143901066732161,31,1.711573002902122,0.7170907030282178,22
HIMACHAL PRADESH|SOLAN,19.181818181818183,1.298178667277204,0.6376740706026415,31,1.3207507142332817,0.6399790044143753,22
HIMACHAL PRADESH|UNA,17.90909090909091,1.0111041867401531,0.5652807636905454,30,1.0291352453611144,0.5667061841514789,22
JAMMU AND KASHMIR|ANANTNAG,8.818181818181818,0.961805962089171,0.5560677290153009,15,1.136681652182801,0.6406164097769655,22
JAMMU AND KASHMIR|BADGAM,10.318181818181818,1.0257668320117228,0.5355981530983585,19,1.145257629146446,0.5804520390813535,22
JAMMU AND KASHMIR|BANDIPORA,9.692307692307692,1.1950080935642478,0.581885913609207,17,1.4351235175388126,0.6448062290222617,13
JAMMU AND KASHMIR|BARAMULLA,9.045454545454545,0.9050964861314775,0.5278477166004052,21,1.0123134476145577,0.5629568408986152,22
JAMMU AND KASHMIR|DODA,11.090909090909092,1.0556637833582254,0.4818167437569867,23,1.1667565565640146,0.5008878843098123,22
JAMMU AND KASHMIR|GANDERBAL,6.153846153846154,0.8593669954395684,0.4834419773736719,12,1.0961945770421315,0.5937484512002897,13
JAMMU AND KASHMIR|JAMMU,17.136363636363637,1.1384726060198904,0.5715842523574071,35,1.3340135069752426,0.6552535010021335,22
JAMMU AND KASHMIR|KARGIL,4.166666666666667,0.8839740575033903,0.47332113653204716,7,1.5837192287209885,0.7772698895277406,6
JAMMU AND KASHMIR|KATHUA,17.954545454545453,1.2598380585273963,0.6207545937968553,33,1.4274303704642886,0.6893458053595831,22
JAMMU AND KASHMIR|KISHTWAR,11.153846153846153,1.248759846486931,0.5787421117439391,21,1.4841974270480645,0.6401239076570278,13
JAMMU AND KASHMIR|KULGAM,8.846153846153847,0.8997884435449792,0.4660279951923496,14,1.1036898609329429,0.5728354645340674,13
JAMMU AND KASHMIR|KUPWARA,4.7,0.7298141983915435,0.48580810887982107,11,0.76211126852386,0.4945833534323042,20
JAMMU AND KASHMIR|POONCH,7.2272727272727275,0.8260735563806679,0.47530450037694166,17,0.9767537049004398,0.5611526101326055,22
JAMMU AND KASHMIR|PULWAMA,9.772727272727273,1.008525979611698,0.5519265966436628,16,1.19927032694401,0.6449703539426255,22
JAMMU AND KASHMIR|RAJAURI,11.181818181818182,0.8534040888123336,0.4841870147914918,31,1.018825202686289,0.5797363103775011,22
JAMMU AND KASHMIR|RAMBAN,4.6923076923076925,0.9223753197404376,0.49482592126943453,8,1.0812750319216629,0.5395287343723372,13
JAMMU AND KASHMIR|REASI,12.923076923076923,0.8985806422178512,0.4804741024356074,27,1.096049559043422,0.5851028455523338,13
JAMMU AND KASHMIR|SAMBA,13.615384615384615,1.2319901426096185,0.5812644600726843,30,1.422360108188534,0.6621169028506723,13
JAMMU AND KASHMIR|SHOPIAN,5.461538461538462,0.9054301686006807,0.472428203383371,9,1.1278402925847255,0.5785987617688597,13
JAMMU AND KASHMIR|SRINAGAR,9.318181818181818,0.9939655715548359,0.4855067500051179,19,1.0744610833376103,0.5178924530720967,22
JAMMU AND KASHMIR|UDHAMPUR,15.909090909090908,1.07464604430764,0.5492562414518909,30,1.2535099024923306,0.6367603205180163,22
JHARKHAND|BOKARO,10.380952380952381,0.8704354740147823,0.3806063635680841,31,1.2699768791865313,0.48883954163636745,21
JHARKHAND|CHATRA,12.047619047619047,1.4510380582516487,0.6350585905143274,30,1.8565916361781098,0.7280450002945892,21
JHARKHAND|DEOGHAR,8.944444444444445,0.8222621924652196,0.3629525940908151,24,1.1080036033257263,0.44990587916992586,18
JHARKHAND|DHANBAD,8.11111111111111,0.48127266561341536,0.19987638148199405,21,0.8842372826898515,0.3308103486519792,18
JHARKHAND|DUMKA,12.0,0.9793007672895107,0.4348864459423555,34,1.2319917127866413,0.49239478638308043,21
JHARKHAND|EAST SINGHBUM,10.142857142857142,0.3910848225754109,0.15720377764013227,30,0.5385314149874139,0.1770252824623454,21
JHARKHAND|GARHWA,10.88888888888889,1.6731801985821408,0.7442070703780403,25,1.9470630111846925,0.7975969118623589,18
JHARKHAND|GIRIDIH,11.19047619047619,1.0386819526263966,0.46748799395893653,30,1.2677910105629022,0.5074040092445151,21
JHARKHAND|GODDA,12.19047619047619,1.3602702632717172,0.600309959468088,33,1.6092933198619028,0.6621954523460288,21
JHARKHAND|GUMLA,11.761904761904763,0.8357261702489771,0.34606341907574967,34,1.0389296752257853,0.3689807526302429,21
JHARKHAND|HAZARIBAGH,12.666666666666666,1.3109855086289275,0.5756678431185828,33,1.5398558614875222,0.6065337734165362,21
JHARKHAND|JAMTARA,9.411764705882353,0.6619195338782814,0.2906452006999234,22,0.8436130079807869,0.35070119735489047,17
JHARKHAND|KHUNTI,11.75,0.9497303581442414,0.3840301959201504,25,1.165608088821924,0.4299255727472321,12
JHARKHAND|KODERMA,11.714285714285714,1.2789359277213173,0.5462371670427315,32,1.9042113592445675,0.7281000061045104,21
JHARKHAND|LATEHAR,11.294117647058824,1.6053285235400763,0.7074689022627991,24,1.9569835556642468,0.7876988494057153,17
JHARKHAND|LOHARDAGA,11.904761904761905,1.143379452673185,0.47606697613998133,35,1.4222251612686543,0.5326779292504192,21
JHARKHAND|PAKUR,10.80952380952381,0.8648937538780581,0.3628535949453453,33,0.9560838934253618,0.3618222270700925,21
JHARKHAND|PALAMU,13.142857142857142,1.7394507074534251,0.7476444857089194,35,2.102003211182272,0.8148671360165315,21
JHARKHAND|RAMGARH,11.083333333333334,1.254540619270083,0.5605681489318518,24,1.7520019004212086,0.6875480527026585,12
JHARKHAND|RANCHI,12.619047619047619,0.8434881292109496,0.34165054367812,40,0.9968540927177741,0.35714141321769044,21
JHARKHAND|SAHEBGANJ,10.571428571428571,1.0106868409220429,0.4325661761847073,31,1.355540941993092,0.5416294825663195,21
JHARKHAND|SARAIKELA KHARSAWAN,10.176470588235293,0.5230081512331822,0.20484754391864402,26,0.8799611368302063,0.3123891514360909,17
JHARKHAND|SIMDEGA,11.411764705882353,0.8347712421332937,0.3490312777136964,27,1.299802229030992,0.4839277180039331,17
JHARKHAND|WEST SINGHBHUM,10.857142857142858,0.4289101303892175,0.16631170994031869,31,0.5996915686513268,0.19536428179257537,21
KARNATAKA|BAGALKOTE,31.636363636363637,2.2568331986645735,0.8561803728090213,44,2.3780355425452573,0.8759840606254408,22
KARNATAKA|BALLARI,31.695652173913043,2.330636281944266,0.8692552605807593,42,2.4459885984970184,0.885653472680053,23
KARNATAKA|BANGALORE RURAL,30.130434782608695,1.494437292488696,0.5894775087410385,45,1.7177484260837808,0.6397052255219083,23
KARNATAKA|BELAGAVI,36.608695652173914,2.4972002653927152,0.8862503546800575,45,2.583659426926517,0.8962285048555025,23
KARNATAKA|BENGALURU URBAN,26.565217391304348,1.3527040595648174,0.5188301000976147,44,1.3925147971760679,0.510373538448794,23
KARNATAKA|BIDAR,33.34782608695652,2.194476159762911,0.8438065743811625,44,2.364551799098735,0.8784294053327011,23
KARNATAKA|CHAMARAJANAGARA,33.04545454545455,2.6552329586321513,0.9073498424123682,44,2.7635579461817525,0.9176236067498393,22
KARNATAKA|CHIKKABALLAPURA,27.0,1.8332615913218864,0.7696422678330206,42,1.922813411096913,0.7801461095938376,13
KARNATAKA|CHIKKAMAGALURU,34.91304347826087,2.4366802413316937,0.8677880530825243,44,2.5702845881526537,0.884259758216361,23
KARNATAKA|CHITRADURGA,31.130434782608695,2.3340943676941572,0.8560703570283523,43,2.4399296860046813,0.8678129039704197,23
KARNATAKA|DAKSHINA KANNADA,16.73913043478261,1.3786540111367314,0.6532503054186666,33,1.5784283383363553,0.7212281970875852,23
KARNATAKA|DAVANGERE,35.22727272727273,1.9793870054198808,0.7771800907790983,44,2.0573500862478196,0.7882397204487364,22
KARNATAKA|DHARWAD,32.73913043478261,2.486813662455317,0.8969580030109975,44,2.591051515363459,0.9108593212426745,23
KARNATAKA|GADAG,32.72727272727273,2.305976785035485,0.8777090829247246,44,2.3861709637259647,0.8932104088742069,22
KARNATAKA|HASSAN,34.130434782608695,2.3305358226567785,0.8486914856864576,45,2.496240896667886,0.8710747820230448,23
KARNATAKA|HAVERI,36.18181818181818,2.107081785161721,0.8052459101779292,45,2.196654363917604,0.8238567249750476,22
KARNATAKA|KALABURAGI,32.869565217391305,2.019653744134446,0.8007584091528348,44,2.17055837296121,0.8274786289145665,23
KARNATAKA|KODAGU,17.26086956521739,1.4475939242760567,0.6301393690174176,38,1.6055728303715797,0.6902985325219742,23
KARNATAKA|KOLAR,22.782608695652176,1.6896600897571576,0.6855623354307167,42,1.8452170064253888,0.7276911613158903,23
KARNATAKA|KOPPAL,26.954545454545453,2.471422491188221,0.8892149005013728,42,2.5668517795056864,0.9017153654080731,22
KARNATAKA|MANDYA,29.130434782608695,1.9020922992024327,0.7956048891323448,45,2.001666477651314,0.8090369976639219,23
KARNATAKA|MYSURU,31.652173913043477,2.4285835942008456,0.8775886068339159,45,2.559877520124502,0.8899154916947849,23
KARNATAKA|RAICHUR,25.869565217391305,2.0056552190745545,0.8272744472354107,40,2.1550577142917415,0.8567051894234927,23
KARNATAKA|RAMANAGARA,31.692307692307693,1.6885463066549091,0.6682965328198598,43,1.759092150000876,0.6748137617835315,13
KARNATAKA|SHIVAMOGGA,31.391304347826086,1.5109172266715907,0.66053417679431,45,1.617065821757,0.6826111103095626,23
KARNATAKA|TUMAKURU,35.04347826086956,1.9585514023598536,0.7950758563001052,44,2.0441927547030447,0.8093785544045451,23
KARNATAKA|UDUPI,17.818181818181817,1.3189959357051408,0.6048989476392873,33,1.4510636933326226,0.6368998074791876,22
KARNATAKA|UTTARA KANNADA,27.043478260869566,1.3231248015180836,0.5443733011354804,39,1.4199788531950797,0.5618719485299885,23
KARNATAKA|VIJAYAPURA,28.47826086956522,2.0691108248932752,0.8093081895351585,42,2.289179154336672,0.8651091103221064,23
KARNATAKA|YADAGIRI,27.7,1.9930142515375593,0.8322747266375806,40,2.047283314988718,0.8447657883144599,10
KERALA|ALAPPUZHA,12.217391304347826,1.1112038041979173,0.5789809055167724,20,1.1503081047264134,0.5964146233147335,23
KERALA|ERNAKULAM,12.130434782608695,1.3070849803662727,0.5974261644418855,20,1.373204755622427,0.6259316259134807,23
KERALA|IDUKKI,15.91304347826087,1.5032781762773006,0.6888598459707663,29,1.5530400985986126,0.702159106477888,23
KERALA|KANNUR,12.826086956521738,1.2810261849536573,0.5929610319271474,25,1.3158030550588884,0.6043986044852883,23
KERALA|KASARAGOD,13.91304347826087,1.2298231189457216,0.5911070154822528,29,1.2658024318719268,0.601757720267586,23
KERALA|KOLLAM,12.652173913043478,1.2618355476260033,0.5861841935905333,25,1.3024364143825748,0.598731227224113,23
KERALA|KOTTAYAM,12.26086956521739,1.4045782744833537,0.6654566795727049,20,1.4395032060045856,0.6767441839240796,23
KERALA|KOZHIKODE,11.869565217391305,0.8031172567884398,0.3381218365003949,20,0.8239853149951398,0.34438211974853195,23
KERALA|MALAPPURAM,13.26086956521739,1.2264578456363195,0.5426790939815767,25,1.2645404003832224,0.5528641016246295,23
KERALA|PALAKKAD,18.782608695652176,1.477493596977125,0.6578455594137701,34,1.5506011745178778,0.6727878303033736,23
KERALA|PATHANAMTHITTA,12.391304347826088,1.5621131759657423,0.6924289896029916,21,1.5905744534660586,0.6986265820605408,23
KERALA|THIRUVANANTHAPURAM,11.782608695652174,0.9742048542467473,0.4613428894764036,26,0.9991584331505408,0.47093313798479985,23
KERALA|THRISSUR,11.652173913043478,1.0607231803973503,0.5145550640006001,22,1.0879291835836051,0.5254114391090541,23
KERALA|WAYANAD,13.826086956521738,1.8483409107434368,0.7947959656970397,26,1.9150170356620149,0.816091757249462,23
LADAKH|KARGIL,3.6666666666666665,0.7161713758340503,0.4067012136272307,11,1.7040407745104142,0.7901941612849763,15
LADAKH|LEH LADAKH,7.476190476190476,0.7743978075184815,0.3938247882834326,20,1.694182181930877,0.7380518741719891,21
MADHYA PRADESH|AGAR MALWA,22.142857142857142,1.7537670290949054,0.7371106518305754,32,1.8767267124376952,0.7649036226122069,7
MADHYA PRADESH|ALIRAJPUR,25.5,2.277600023348684,0.861538890292657,34,2.339321136963982,0.868007579215549,12
MADHYA PRADESH|ANUPPUR,26.61111111111111,1.778785542199093,0.6708792230556875,41,1.9604074144402113,0.7194037912485308,18
MADHYA PRADESH|ASHOKNAGAR,23.88235294117647,1.6963667055199583,0.7658323350572012,35,1.7755637311308772,0.7825548782265139,17
MADHYA PRADESH|BALAGHAT,29.043478260869566,1.212114928149513,0.4741213482064616,43,1.315375357309489,0.4851126207177442,23
MADHYA PRADESH|BARWANI,27.09090909090909,2.231053795951082,0.8580222192195783,39,2.363745050604502,0.8730813464106357,22
MADHYA PRADESH|BASTAR,14.333333333333334,0.9073816213128268,0.3941157955219892,25,1.2749116005764702,0.5501138777061549,3
MADHYA PRADESH|BETUL,27.217391304347824,1.9988012977078566,0.7991980344689936,43,2.095757819850932,0.8101551475605155,23
MADHYA PRADESH|BHIND,21.608695652173914,1.6928824170378547,0.7346377998068572,38,1.7945165805084209,0.7470541989203889,23
MADHYA PRADESH|BHOPAL,22.0,1.3583692499493114,0.6654779818448572,36,1.4423525357752345,0.6778517693479021,23
MADHYA PRADESH|BILASPUR,14.666666666666666,1.3030121473446874,0.5450652369012249,25,1.3223807098126044,0.5154674540044095,3
MADHYA PRADESH|BURHANPUR,25.88235294117647,2.028554728273005,0.8051633772431547,40,2.1600027653627727,0.8252153562522488,17
MADHYA PRADESH|CHHATARPUR,27.82608695652174,2.1735387282409504,0.8317662123262062,43,2.3212555074848797,0.8477179291655763,23
MADHYA PRADESH|CHHINDWARA,30.043478260869566,2.2644327004232405,0.8473524207276846,43,2.3993771264209225,0.8685934257320482,23
MADHYA PRADESH|DAKSHIN BASTAR DANTEWADA,15.0,0.6858585747753353,0.31404568094757107,24,0.7934247049064163,0.34020843895806196,2
MADHYA PRADESH|DAMOH,26.0,1.8621232371296583,0.7899040685576687,39,2.062302586908805,0.8235845924030515,23
MADHYA PRADESH|DATIA,23.956521739130434,1.855860937436824,0.7478658363535323,39,2.1132575295374076,0.781439924605297,23
MADHYA PRADESH|DEWAS,24.26086956521739,1.44502022988354,0.6675090196081012,40,1.5142702508198789,0.6800903721899325,23
MADHYA PRADESH|DHAMTARI,14.0,0.5636856323378585,0.2403211017412143,20,0.6162395329773114,0.24846015556996148,2
MADHYA PRADESH|DHAR,28.869565217391305,1.8220035863752995,0.7762150907891506,43,1.9135435541389914,0.7860272271951131,23
MADHYA PRADESH|DINDORI,23.227272727272727,2.1360933961356947,0.841328962983641,39,2.2865324505351072,0.8578907501029606,22
MADHYA PRADESH|DURG,14.333333333333334,1.2165739242824145,0.5741745955313441,23,1.3141787466650787,0.5710826454057121,3
MADHYA PRADESH|GUNA,23.91304347826087,1.6677983408007118,0.7533096894189603,36,1.8086383354275477,0.7801721862024541,23
MADHYA PRADESH|GWALIOR,22.17391304347826,1.8494198550497358,0.7699707279209317,35,1.9905056131302725,0.7853830170376,23
MADHYA PRADESH|HARDA,25.136363636363637,1.1656695892024764,0.6117097287876381,41,1.2740142783378618,0.630455693819675,22
MADHYA PRADESH|HOSHANGABAD,27.391304347826086,1.387912795816196,0.6715346530244518,43,1.5904597726117542,0.7120514241825584,23
MADHYA PRADESH|INDORE,21.82608695652174,1.2549112181839792,0.6216646186665604,38,1.3290958955655325,0.6409415902016087,23
MADHYA PRADESH|JABALPUR,26.52173913043478,2.010940929317968,0.8114009684858473,42,2.2544426321094693,0.8372211704708516,23
MADHYA PRADESH|JASHPUR,15.0,0.8913909821758976,0.3687239198254259,22,1.00303832256266,0.3845330510368654,2
MADHYA PRADESH|JHABUA,25.26086956521739,2.047163890531016,0.8260668133259317,41,2.3273561367469826,0.8656358366432746,23
MADHYA PRADESH|KABIRDHAM,12.0,1.5093316939005967,0.6760729463391961,12,1.5093316939005967,0.6760729463391961,1
MADHYA PRADESH|KANKER,15.5,0.7109347463020466,0.3077118353364951,23,0.797100873558254,0.3139375952786213,2
MADHYA PRADESH|KATNI,26.5,1.742395090038209,0.732647016378928,43,1.84584675273948,0.7425727835162603,22
MADHYA PRADESH|KHANDWA,28.73913043478261,1.8938169628022985,0.7762955628332588,42,2.045447794708502,0.7978345534686454,23
MADHYA PRADESH|KHARGONE,27.08695652173913,1.8746987054034812,0.7734777624492615,40,2.052830482711634,0.7988395463015756,23
MADHYA PRADESH|KORBA,14.5,0.6983213895232155,0.27921021962834297,21,0.7518266926794757,0.2840322840592402,2
MADHYA PRADESH|KOREA,14.5,1.2950982863861729,0.5336746047707996,22,1.397158528292819,0.5385494455369431,2
MADHYA PRADESH|MAHASAMUND,15.5,0.3801022014918952,0.1480603416086207,22,0.4268625958211614,0.15029514312391146,2
MADHYA PRADESH|MANDLA,26.08695652173913,1.928408137850237,0.7684465039119222,42,2.103092652379384,0.7924433161531987,23
MADHYA PRADESH|MANDSAUR,24.130434782608695,1.6509182230802018,0.6973481874697387,39,1.7750113594860912,0.7157509009460112,23
MADHYA PRADESH|MORENA,21.391304347826086,1.4773666998717203,0.7094304204745008,35,1.543316465971784,0.7209230556550158,23
MADHYA PRADESH|NARSINGHPUR,25.956521739130434,1.9730636844078189,0.8107213388477461,42,2.2032998395527597,0.8464532302333799,23
MADHYA PRADESH|NEEMUCH,23.136363636363637,1.7371373774045358,0.7318942196014984,38,1.8462670518416213,0.7480182845135827,22
MADHYA PRADESH|NIWARI,7.0,0.2517534571616834,0.09123949534410214,7,0.2517534571616834,0.09123949534410214,1
MADHYA PRADESH|PANNA,26.0,2.014658749918453,0.8108311848373263,42,2.222763216370449,0.8415319129968992,23
MADHYA PRADESH|RAIPUR,15.333333333333334,0.9943974164997004,0.4228321681050839,25,0.822024037857875,0.3103415086791783,3
MADHYA PRADESH|RAISEN,25.391304347826086,1.692604996076305,0.761299521327081,41,1.8794577099885346,0.787742040954182,23
MADHYA PRADESH|RAJGARH,23.17391304347826,1.5633100367510833,0.6835552730046995,40,1.826349725600144,0.7407772005256976,23
MADHYA PRADESH|RAJNANDGAON,15.0,1.3760519033367442,0.6275535039281898,26,1.6673451958799186,0.6936079206898291,3
MADHYA PRADESH|RATLAM,26.434782608695652,1.668852226005738,0.7268030661821752,38,1.7654879447195815,0.7412999965051784,23
MADHYA PRADESH|REWA,27.695652173913043,1.9368626758160028,0.7816786891728901,43,2.065880734281788,0.7956072841421313,23
MADHYA PRADESH|SAGAR,28.304347826086957,1.6880123481298857,0.7521017380894144,44,1.8504778584299841,0.7783217468965025,23
MADHYA PRADESH|SATNA,26.608695652173914,1.9445588907001072,0.7946022618131583,43,2.1077649311738407,0.8176244982338967,23
MADHYA PRADESH|SEHORE,23.347826086956523,1.3919005168878562,0.6718783019701806,39,1.4901929799830669,0.6883392927896357,23
MADHYA PRADESH|SEONI,28.0,2.0331396979391285,0.8158250650705227,43,2.197301751139736,0.8378896641312428,23
MADHYA PRADESH|SHAHDOL,27.695652173913043,1.7980114604915685,0.7012767955275343,42,1.9452661811857666,0.72820438226086,23
MADHYA PRADESH|SHAJAPUR,23.73913043478261,1.4506349464135533,0.6511474144299852,38,1.5480456278007195,0.6687648898423886,23
MADHYA PRADESH|SHEOPUR,22.227272727272727,1.8907135133582178,0.7791223975983717,36,2.0944222516198128,0.8324292513185512,22
MADHYA PRADESH|SHIVPURI,26.391304347826086,2.0781792615703902,0.8348680177914692,41,2.1789764681141803,0.8450674573641301,23
MADHYA PRADESH|SIDHI,27.391304347826086,2.195812127940282,0.8388519544135068,43,2.338197929463916,0.8574824056643491,23
MADHYA PRADESH|SINGRAULI,27.833333333333332,2.360050192668225,0.8700142704073275,41,2.460007857535457,0.88350332670104,12
MADHYA PRADESH|SURGUJA,15.0,1.5531715828289638,0.6290890062953517,25,1.6848175308127256,0.6433754989498455,3
MADHYA PRADESH|TIKAMGARH,25.52173913043478,2.066441686237384,0.8093416268204348,42,2.2697610328596554,0.8361105694756228,23
MADHYA PRADESH|UJJAIN,24.130434782608695,1.167746701387006,0.5808576091598987,41,1.257340857011867,0.6112053162041409,23
MADHYA PRADESH|UMARIA,25.772727272727273,2.1076160523701235,0.8139209756707597,39,2.268069366874299,0.843749186669934,22
MADHYA PRADESH|VIDISHA,24.217391304347824,1.5486454486497687,0.7363599605869717,37,1.7027211809877563,0.7639783868051158,23
MAHARASHTRA|AHMEDNAGAR,23.17391304347826,1.9454842896295335,0.7698799621592617,29,2.096344814078153,0.7928853289683013,23
MAHARASHTRA|AKOLA,17.17391304347826,1.8413628446153956,0.7851346967461444,26,1.9998235601052177,0.8235863665471421,23
MAHARASHTRA|AMRAVATI,19.47826086956522,1.8367227524253698,0.7851066013587189,28,1.9332019694257736,0.8061669172169255,23
MAHARASHTRA|AURANGABAD,20.608695652173914,1.9577441658646155,0.7857440900747884,29,2.0823959374672096,0.8168112551612,23
MAHARASHTRA|BEED,22.434782608695652,2.049546457654388,0.8061119005648006,29,2.205553920374487,0.8380385841459033,23
MAHARASHTRA|BHANDARA,14.826086956521738,1.0539750524543614,0.43374386424508277,26,1.083479779104525,0.43485561430866737,23
MAHARASHTRA|BULDHANA,19.52173913043478,1.9982176304859236,0.8135982705642858,29,2.131520685027417,0.8430306641323903,23
MAHARASHTRA|CHANDRAPUR,17.217391304347824,1.8518969225593014,0.7953745325882793,27,1.9670702290252606,0.8182390645864562,23
MAHARASHTRA|DHULE,20.47826086956522,2.186291210893292,0.8335811923954775,28,2.309780124889964,0.8561130493987057,23
MAHARASHTRA|GADCHIROLI,15.91304347826087,0.96207212613668,0.3796723783928787,26,1.0226490293721495,0.3845937172249524,23
MAHARASHTRA|GONDIA,14.142857142857142,0.7210573820156457,0.2877016821898329,24,0.8498563833555834,0.3257029640800737,21
MAHARASHTRA|HINGOLI,20.761904761904763,2.1294468689838295,0.8367609298355645,27,2.2514380647148524,0.8585553371523788,21
MAHARASHTRA|JALGAON,18.347826086956523,1.8446550381607907,0.7360813027470263,27,1.956932141877316,0.7551980742478016,23
MAHARASHTRA|JALNA,20.652173913043477,2.073106688253693,0.8125258570864328,28,2.2168269965973733,0.837267510352383,23
MAHARASHTRA|KOLHAPUR,18.956521739130434,1.9828047243817009,0.8138161362546401,28,2.032069241414055,0.8220346605171599,23
MAHARASHTRA|LATUR,22.217391304347824,2.130140632497495,0.8184254638351058,26,2.293921659350245,0.8549728744816733,23
MAHARASHTRA|MUMBAI,1.0,0.0,0.0,1,-0.0,0.0,1
MAHARASHTRA|MUMBAI SUBURBAN,1.0,0.0,0.0,2,0.2961522856896751,0.1592914424251286,2
MAHARASHTRA|NAGPUR,19.0,1.85237499318276,0.7883595819164455,26,1.956501241928659,0.8082289757069374,23
MAHARASHTRA|NANDED,21.217391304347824,2.0015931818643553,0.80478037188672,26,2.1200823929455397,0.8311552944599092,23
MAHARASHTRA|NANDURBAR,21.38095238095238,2.409168622973922,0.8738558925174538,28,2.5556346383568758,0.9003431634346633,21
MAHARASHTRA|NASHIK,22.26086956521739,2.289010127790771,0.8360239846674903,28,2.435279420071129,0.8624014730470784,23
MAHARASHTRA|OSMANABAD,22.043478260869566,2.1858698150800135,0.8101818168521784,28,2.342371734713828,0.8367328812619788,23
MAHARASHTRA|PALGHAR,10.625,0.801796341041896,0.34271508359242925,18,1.132342157531454,0.4627750783656803,8
MAHARASHTRA|PARBHANI,22.17391304347826,2.0193089434844653,0.8072879220247837,27,2.150763310519574,0.8309821596871774,23
MAHARASHTRA|PUNE,22.217391304347824,1.9693780336590663,0.7707269124199728,29,2.08788293826894,0.7882495698176215,23
MAHARASHTRA|RAIGAD,11.869565217391305,0.7273405077800205,0.31226933232979304,18,0.7580797103135389,0.3152218591282846,23
MAHARASHTRA|RATNAGIRI,11.695652173913043,0.9418957070638957,0.4467043418346714,21,1.0034522493774316,0.45712409885410077,23
MAHARASHTRA|SANGLI,21.304347826086957,2.0673156352832756,0.7926950757265228,29,2.180063000839134,0.8099473009194327,23
MAHARASHTRA|SATARA,22.391304347826086,2.2256007405886655,0.8411977253909118,28,2.3234396440834413,0.8547267321816308,23
MAHARASHTRA|SINDHUDURG,11.0,0.6615835637371924,0.27312558833032524,19,0.7213524814920055,0.28471642940991104,23
MAHARASHTRA|SOLAPUR,21.869565217391305,1.432639977565473,0.5762086817602815,29,1.5865663526857288,0.6112907830466878,23
MAHARASHTRA|THANE,13.08695652173913,0.9546679738942888,0.38892061776487574,19,1.0675461269366509,0.4219798397027148,23
MAHARASHTRA|WARDHA,15.826086956521738,1.5088561561500777,0.7093966325178023,26,1.597817728895984,0.7373977401034384,23
MAHARASHTRA|WASHIM,18.476190476190474,1.767345843751303,0.740449305272025,27,1.885986081253506,0.7736345282955722,21
MAHARASHTRA|YAVATMAL,17.695652173913043,1.6494862101581138,0.7296787585829884,28,1.7448615868007666,0.7486872363495876,23
MANIPUR|BISHNUPUR,15.090909090909092,1.077591450399948,0.42389454206567106,25,1.4132450123699416,0.536148839910654,22
MANIPUR|CHANDEL,15.363636363636363,1.4942555919027476,0.601862139671595,26,1.875806085640411,0.7169610851234647,22
MANIPUR|CHURACHANDPUR,15.136363636363637,1.2670326632504,0.5307315527403531,26,1.509645372805758,0.5768266938785405,22
MANIPUR|IMPHAL EAST,14.181818181818182,0.8338885343910156,0.3234168181887311,25,1.011656143980004,0.3698299695613724,22
MANIPUR|IMPHAL WEST,14.136363636363637,0.7481569908207949,0.2784557711485463,25,1.0348560669408662,0.37395468999028314,22
MANIPUR|SENAPATI,15.590909090909092,1.3657708488449254,0.5453475594747093,25,1.5325212165393722,0.5936611250402679,22
MANIPUR|TAMENGLONG,13.5,1.0266645916885584,0.4273931185181862,24,1.3179729201564983,0.5034876743219483,22
MANIPUR|THOUBAL,14.363636363636363,1.076495341354395,0.42757546182618267,24,1.3462225152459726,0.5021861696727294,22
MANIPUR|UKHRUL,14.272727272727273,1.335823591718209,0.5513229632327907,26,1.6193555748540454,0.6339410191368791,22
MEGHALAYA|EAST GARO HILLS,25.52173913043478,1.8834376128424433,0.7087701911586152,32,1.9091517034921,0.7101580137964131,23
MEGHALAYA|EAST JAINTIA HILLS,16.652173913043477,1.228832466149515,0.5099319735513059,23,1.3659366952892966,0.5624042719540515,23
MEGHALAYA|EAST KHASI HILLS,16.17391304347826,1.7050743779933073,0.7336336517981741,23,1.7785984772788617,0.7506422997814202,23
MEGHALAYA|NORTH GARO HILLS,29.285714285714285,2.077147081081324,0.7386537322830051,30,2.078146582163735,0.7443621320072175,7
MEGHALAYA|RI BHOI,16.17391304347826,1.143479075051602,0.48114528810240265,24,1.1736705447066984,0.4851470216742376,23
MEGHALAYA|SOUTH GARO HILLS,23.608695652173914,1.7402928821685448,0.6489333232404537,30,1.87474438230038,0.6821337542109824,23
MEGHALAYA|SOUTH WEST GARO HILLS,30.285714285714285,2.072465125067025,0.7233886717881903,31,2.0537768501214777,0.720741865367312,7
MEGHALAYA|SOUTH WEST KHASI HILLS,18.285714285714285,1.8365081798708254,0.7893561964089324,19,1.868643376770955,0.7988866390363338,7
MEGHALAYA|WEST GARO HILLS,26.347826086956523,2.067193662185476,0.7341067631324979,33,2.1256439948831125,0.7371954353996215,23
MEGHALAYA|WEST JAINTIA HILLS,19.285714285714285,1.785034955777445,0.7353242671654756,20,1.8140937686939254,0.7485437381304073,7
MEGHALAYA|WEST KHASI HILLS,18.347826086956523,1.6896381624653742,0.7499657035306447,25,1.729683676326079,0.7589106297232966,23
MIZORAM|AIZAWL,11.391304347826088,1.195316674789172,0.5143717398696183,24,1.178064928474088,0.4698363361742238,23
MIZORAM|CHAMPHAI,11.347826086956522,0.8488423716133412,0.36302791993878203,20,0.925888178457907,0.3729974379392399,23
MIZORAM|KOLASIB,12.173913043478262,1.088082017523048,0.4698023013165028,23,1.2647498598271871,0.5000124579059169,23
MIZORAM|LAWNGTLAI,11.75,0.7923929233293519,0.3387341538272583,21,0.9446874425465,0.38126179915313363,16
MIZORAM|LUNGLEI,12.565217391304348,1.0312542171391328,0.43842718156897753,24,1.156977410463304,0.46198325276879726,23
MIZORAM|MAMIT,11.470588235294118,1.0957103258031948,0.49308572074076135,22,1.2992372184024437,0.539857439765423,17
MIZORAM|SAIHA,9.0,0.7937102240576565,0.3886653059229467,19,0.958614163913951,0.41678718793016944,17
MIZORAM|SERCHHIP,8.625,1.201699302253574,0.5672085785533947,14,1.3695783468593241,0.6024829607377249,16
NAGALAND|DIMAPUR,25.55,1.6768951471363227,0.6323206696325909,38,1.8983508420831672,0.6740217004710722,20
NAGALAND|KIPHIRE,24.333333333333332,1.7211536718270517,0.723984956444033,32,1.852829593552863,0.740905946046218,12
NAGALAND|KOHIMA,23.695652173913043,1.796708789268037,0.6838534245567528,37,1.9886137660308798,0.7086770203784081,23
NAGALAND|LONGLENG,23.333333333333332,1.8866301717800946,0.7452937367327026,31,2.035236210108321,0.7647376375010887,12
NAGALAND|MOKOKCHUNG,23.695652173913043,1.8267849497706308,0.6805009770010827,38,2.0312609289006316,0.7177652257885183,23
NAGALAND|MON,24.26086956521739,1.8353166530033207,0.7144666779225297,39,2.1189770675987036,0.7564382495019341,23
NAGALAND|PEREN,24.666666666666668,1.7617127614193857,0.6797128471555481,30,1.848067915632027,0.6915304845580603,12
NAGALAND|PHEK,23.434782608695652,1.8322413176494243,0.7156669112864553,36,2.0065944003956733,0.7465792614566023,23
NAGALAND|TUENSANG,22.217391304347824,1.7439712909603236,0.6985310211323966,37,2.0056739860660167,0.7446099072429904,23
NAGALAND|WOKHA,24.565217391304348,1.8736277142762419,0.7075519681675548,38,2.1251750239249447,0.7422904980987699,23
NAGALAND|ZUNHEBOTO,22.73913043478261,1.8330942683131364,0.7506065644577538,35,2.0619672949289916,0.7959190252958235,23
ODISHA|ANUGUL,16.130434782608695,1.0006866701598127,0.3796049806395657,33,1.1796585508488642,0.41900314059312327,23
ODISHA|BALANGIR,17.217391304347824,0.9326772127586279,0.36163433185033556,37,1.0292780819147138,0.3650110824740598,23
ODISHA|BALESHWAR,14.869565217391305,0.3419231633584657,0.12132895260343535,31,0.3326762571037736,0.09981225080384515,23
ODISHA|BARGARH,16.0,0.6232669215608471,0.2534596133540123,35,0.6218838894832179,0.23635304678828883,23
ODISHA|BHADRAK,14.478260869565217,0.27963541887725474,0.10598021920328415,27,0.2551610891103453,0.08090587813884897,23
ODISHA|BOUDH,16.0,0.6795832813713051,0.2643725578258018,32,0.7221677910400471,0.25537448777737837,23
ODISHA|CUTTACK,16.347826086956523,1.0018224250833287,0.45248491544077857,32,1.0930951899909478,0.4612578702806135,23
ODISHA|DEOGARH,15.695652173913043,0.7338606862458926,0.2726974597156787,31,0.8048036046556049,0.2738965540430218,23
ODISHA|DHENKANAL,15.565217391304348,0.729514486018867,0.27936447790556423,30,0.8677784275767063,0.30969779373223905,23
ODISHA|GAJAPATI,16.434782608695652,1.4064088788747704,0.5817095214426399,36,1.65362295272366,0.6180895079036595,23
ODISHA|GANJAM,16.869565217391305,0.9004232460655166,0.3914088175728305,37,1.0207824234421663,0.4138513509965991,23
ODISHA|JAGATSINGHAPUR,13.869565217391305,0.843944725892831,0.44032511975931615,30,0.9059099843251103,0.44615191003065324,23
ODISHA|JAJAPUR,15.521739130434783,0.8850598471722202,0.38259495118943404,32,0.9531970500384237,0.3881678286082201,23
ODISHA|JHARSUGUDA,14.956521739130435,0.4343631019058579,0.15692487882192338,30,0.4962562514170671,0.1506961857593513,23
ODISHA|KALAHANDI,17.695652173913043,0.811661336151787,0.3003767674658193,39,0.9493892193006196,0.31725925432896296,23
ODISHA|KANDHAMAL,16.434782608695652,1.012259090984899,0.40103270165135063,35,1.3892734347334594,0.5096479570101129,23
ODISHA|KENDRAPARA,14.608695652173912,0.7723371345865064,0.34881627367329965,28,0.8149158523877729,0.34298305734769663,23
ODISHA|KENDUJHAR,18.52173913043478,0.6012722670385693,0.21418746053905133,39,0.7674026151283366,0.24411598340663831,23
ODISHA|KHORDHA,15.434782608695652,0.6114332088348142,0.2767750135428205,32,0.6696408455537634,0.28386764771699713,23
ODISHA|KORAPUT,18.17391304347826,1.1687832496406536,0.5033779644278102,38,1.4158900617510437,0.5605515421517517,23
ODISHA|MALKANGIRI,13.956521739130435,0.8902116386931098,0.35919060700845057,34,0.9828483968508236,0.37051665779490806,23
ODISHA|MAYURBHANJ,17.52173913043478,0.44088149544537236,0.15231795231005793,37,0.46851459434192505,0.13510780265620426,23
ODISHA|NABARANGPUR,17.17391304347826,1.0388360594411417,0.466833014050186,39,1.1063012249535416,0.46589804868189766,23
ODISHA|NAYAGARH,16.608695652173914,0.9282110788197894,0.42698318230394117,36,1.017247261233785,0.44207581926005013,23
ODISHA|NUAPADA,17.217391304347824,0.8540409560869567,0.3258054619686845,39,1.0060236073230007,0.3463195502061779,23
ODISHA|PURI,13.782608695652174,0.6695517361254669,0.2968971622169086,30,0.6949030635273881,0.29082597301756274,23
ODISHA|RAYAGADA,17.0,1.392681658907832,0.5705355705288236,35,1.71785411318588,0.6363708094127462,23
ODISHA|SAMBALPUR,16.0,0.4238189731192933,0.15223702972010536,32,0.4564823467675803,0.1411277214500255,23
ODISHA|SONEPUR,15.217391304347826,0.3393347329538039,0.12346830859482817,33,0.32700301624035283,0.09931285252981537,23
ODISHA|SUNDARGARH,18.0,0.5887083310474531,0.2035918498809507,37,0.6494873064571012,0.19910663684216678,23
PUDUCHERRY|KARAIKAL,9.772727272727273,0.8290108032095354,0.39854448251709335,19,0.9308539804394209,0.42666585069333407,22
PUDUCHERRY|MAHE,5.947368421052632,0.6782536030405503,0.3212481708435984,14,1.5754204526303395,0.7505864616516251,19
PUDUCHERRY|PONDICHERRY,17.90909090909091,1.0309956189919183,0.43260568122482396,27,1.0683075562449276,0.4331312399767586,22
PUDUCHERRY|YANAM,5.181818181818182,0.9061246581374558,0.5235578661700611,13,1.0554129712197178,0.5785600063996206,22
PUNJAB|AMRITSAR,10.695652173913043,0.8660841010643798,0.5303627131210638,16,0.8931345080227814,0.5344655919487632,23
PUNJAB|BARNALA,8.076923076923077,0.8772671237226822,0.5410369742687953,11,0.8865993822821439,0.5416200929261445,13
PUNJAB|BATHINDA,9.869565217391305,1.1638796048520657,0.639229157909692,15,1.1875356666599954,0.6455161102758817,23
PUNJAB|FARIDKOT,7.521739130434782,0.9675803417372405,0.5722327986826299,13,0.9996343670388002,0.5777396306924039,23
PUNJAB|FATEHGARH SAHIB,6.304347826086956,0.8397751004454242,0.529293790559767,13,0.8555589459014746,0.5297163998103699,23
PUNJAB|FAZILKA,9.11111111111111,1.1613360678566835,0.6118487773334667,15,1.2747218848129835,0.6610424749205664,9
PUNJAB|FIROZEPUR,9.782608695652174,1.0380738961967315,0.5926975606658901,19,1.1546874707936199,0.6223745171327655,23
PUNJAB|GURDASPUR,9.217391304347826,0.9773444973758904,0.5659872225734164,16,0.9985741697755524,0.5685215413087833,23
PUNJAB|HOSHIARPUR,11.130434782608695,1.2910576505719398,0.6639465034067126,18,1.3154525765728589,0.6661427665732793,23
PUNJAB|JALANDHAR,9.391304347826088,0.968066779139142,0.5628891450281461,18,0.9816359135704458,0.5639726820858071,23
PUNJAB|KAPURTHALA,6.826086956521739,0.8535368286063229,0.5304170031767859,15,0.8737741121535711,0.5349821067652275,23
PUNJAB|LUDHIANA,10.08695652173913,0.8468145876885587,0.5247329926900034,17,0.8593767277602489,0.5276360422601857,23
PUNJAB|MANSA,9.91304347826087,1.174392155252755,0.6406232932568823,16,1.1920282742204344,0.6444354042156739,23
PUNJAB|MOGA,8.043478260869565,0.8262145929058378,0.5249044649571872,14,0.8360852437436536,0.5257428632112588,23
PUNJAB|MUKTSAR,9.826086956521738,1.1190607593059851,0.622323233412351,17,1.1677440711567932,0.6385818652407695,23
PUNJAB|PATHANKOT,7.333333333333333,1.104313324459402,0.5673841190558773,11,1.2612318965396814,0.6422019043659384,9
PUNJAB|PATIALA,10.08695652173913,0.8101278075990926,0.5185069985248189,16,0.8217454329661922,0.5200652722330208,23
PUNJAB|RUPNAGAR,9.304347826086957,1.1954341803340367,0.6361023490478828,18,1.2250553913447033,0.6384244769670051,23
PUNJAB|S.A.S NAGAR,9.285714285714286,1.031722859484702,0.5653986300404111,15,1.052055284616357,0.5664204164608654,14
PUNJAB|SANGRUR,11.73913043478261,0.8954954413564967,0.5343005026420787,19,0.9177398518260367,0.542969951496338,23
PUNJAB|SHAHID BHAGAT SINGH NAGAR,7.0,1.1115474400433845,0.6084582839373663,17,1.1336020359115697,0.6100566754546535,23
PUNJAB|TARN TARAN,8.857142857142858,0.7797598316337148,0.513530219689129,15,0.7854570135556914,0.5136377182907059,14
RAJASTHAN|AJMER,28.91304347826087,2.1687721101703494,0.8465838982286936,35,2.30160432739453,0.8680333294771315,23
RAJASTHAN|ALWAR,29.26086956521739,1.6900330827036851,0.7618638807950922,38,1.72771737210231,0.7660152557866844,23
RAJASTHAN|BANSWARA,29.304347826086957,1.7638952344976715,0.7546503358160944,37,1.8143562025194682,0.7636941755775166,23
RAJASTHAN|BARAN,28.73913043478261,1.7304224084422624,0.7672858296209004,39,1.8560624638462497,0.7903897398522655,23
RAJASTHAN|BARMER,19.695652173913043,1.176087403140139,0.5757630530719952,30,1.2493049574085802,0.6039853694034256,23
RAJASTHAN|BHARATPUR,29.695652173913043,1.5705159720302733,0.7393742243990431,37,1.6111019629357795,0.7440082687302505,23
RAJASTHAN|BHILWARA,31.565217391304348,2.1630889195506744,0.8271874278016322,39,2.2763793530220298,0.8453661259385206,23
RAJASTHAN|BIKANER,23.391304347826086,1.6871346946395651,0.7431968778160254,35,1.794168894545438,0.7714218313201779,23
RAJASTHAN|BUNDI,29.52173913043478,1.9425800468664036,0.8009796091347717,36,2.0743534974700375,0.8236384047020104,23
RAJASTHAN|CHITTORGARH,31.73913043478261,1.991799611117695,0.8070249146469256,40,2.0806343398288316,0.825099257715501,23
RAJASTHAN|CHURU,19.52173913043478,1.6321320354719253,0.7547801407382168,29,1.7801255859831975,0.7981665677053852,23
RAJASTHAN|DAUSA,25.652173913043477,1.67376924713388,0.7531398266661303,35,1.707590796876154,0.7598653966239546,23
RAJASTHAN|DHOLPUR,27.130434782608695,1.4127820901531856,0.704240223534674,35,1.434052710078237,0.7081232544549078,23
RAJASTHAN|DUNGARPUR,27.695652173913043,1.7373725833274292,0.7421836911828277,39,1.837818242902883,0.7632415733443448,23
RAJASTHAN|GANGANAGAR,27.52173913043478,1.7587682952491657,0.7850612500123202,35,1.8711648560489615,0.8154424309018213,23
RAJASTHAN|HANUMANGARH,25.47826086956522,1.9140075944084884,0.8084653856443044,34,2.0235147174669463,0.8367302214742915,23
RAJASTHAN|JAIPUR,28.782608695652176,2.0843386835334434,0.8305503922458162,36,2.154612760741692,0.8398511579393843,23
RAJASTHAN|JAISALMER,18.695652173913043,1.2983099238445035,0.606877524716303,30,1.4242842286691308,0.6405486801547898,23
RAJASTHAN|JALORE,25.956521739130434,1.7046489578245079,0.7207505897328376,34,1.8231956385312555,0.7429610806775259,23
RAJASTHAN|JHALAWAR,29.26086956521739,1.8017879880182464,0.7587706245980183,38,1.8819425917809902,0.7709468568175187,23
RAJASTHAN|JHUNJHUNU,23.565217391304348,1.7671242987792497,0.7686360173218086,34,1.8156801488566408,0.7769632073806303,23
RAJASTHAN|JODHPUR,22.782608695652176,1.9056636740265886,0.7637928156299449,35,2.030180253419845,0.794318544416182,23
RAJASTHAN|KARAULI,28.47826086956522,1.4725412972977794,0.7140414365648692,38,1.5381737567779519,0.7295296089859815,23
RAJASTHAN|KOTA,27.956521739130434,1.778327256032476,0.7753714290739708,38,1.8979299879723566,0.795764179500969,23
RAJASTHAN|NAGAUR,24.91304347826087,1.9858474148774647,0.8015255163812577,34,2.1285351376573574,0.8317676043353148,23
RAJASTHAN|PALI,28.26086956521739,2.144020766908608,0.8507595559818109,35,2.2972380426102106,0.880573969418873,23
RAJASTHAN|PRATAPGARH,25.785714285714285,1.4540749983551557,0.633714014684599,36,1.714515124841499,0.7416134209093939,14
RAJASTHAN|RAJSAMAND,29.17391304347826,1.6012024076586144,0.6540929469645062,39,1.6896058040169035,0.6773786519623448,23
RAJASTHAN|SAWAI MADHOPUR,29.52173913043478,1.6828954078250182,0.7332784224882375,36,1.7851142710139831,0.7533832172219685,23
RAJASTHAN|SIKAR,25.08695652173913,1.8743500259409305,0.7772704262315377,33,1.929640489147109,0.7845080696059639,23
RAJASTHAN|SIROHI,27.956521739130434,2.334514462637165,0.8770666647706832,37,2.423420047294215,0.889828080758057,23
RAJASTHAN|TONK,30.26086956521739,2.019379323564083,0.8064250019665774,37,2.1382317495516054,0.8264119696420817,23
RAJASTHAN|UDAIPUR,31.869565217391305,1.6196263981064822,0.6470926137102954,37,1.6855995541874882,0.661540186395256,23
SIKKIM|GANGTOK,9.521739130434783,1.6611960673611559,0.7317152141191269,13,1.7587911316616753,0.7440249954896969,23
SIKKIM|GYALSHING,9.347826086956522,1.4365355937998103,0.6208888611263447,13,1.5856123680008598,0.6551596954520216,23
SIKKIM|MANGAN,9.130434782608695,1.6682102726937131,0.7361407304239529,12,1.7735990805653883,0.7515353654607432,23
SIKKIM|NAMCHI,9.565217391304348,1.5135359692139432,0.6405765661225753,13,1.5815425840373556,0.6443318097512942,23
TAMIL NADU|ARIYALUR,22.75,1.9143649571124648,0.8118595229223677,32,2.0095107873935074,0.8289167576095232,12
TAMIL NADU|CHENGALPATTU,5.0,0.059280036410791416,0.016569649516115503,5,0.059280036410791416,0.016569649516115503,1
TAMIL NADU|CHENNAI,4.0,0.6900251153629421,0.3828810059606916,6,0.834240536181075,0.42671564126109585,2
TAMIL NADU|COIMBATORE,28.454545454545453,1.8398848191425685,0.7164577483799329,42,2.1052770168039348,0.7867575277272605,22
TAMIL NADU|CUDDALORE,24.09090909090909,1.8747887479719092,0.763432294336457,39,1.9887720545677359,0.7746023200598579,22
TAMIL NADU|DHARMAPURI,27.772727272727273,2.5219901426747073,0.896878798984284,41,2.781137608661363,0.9178239195077283,22
TAMIL NADU|DINDIGUL,30.863636363636363,2.2701252041316122,0.8403730328559516,44,2.5162632686879287,0.8747336314814292,22
TAMIL NADU|ERODE,29.772727272727273,2.3766825887096292,0.8712627035896436,44,2.6094869450408664,0.8934862746268885,22
TAMIL NADU|KALLAKURICHI,4.0,0.8654068044244123,0.537990978862236,4,0.8654068044244123,0.537990978862236,1
TAMIL NADU|KANCHIPURAM,21.045454545454547,0.8734206979521371,0.3994351266710873,38,0.9504057004638327,0.4204578362671142,22
TAMIL NADU|KANNIYAKUMARI,12.954545454545455,1.1947602047425372,0.5852412827106416,27,1.4658482618297757,0.7074588477217938,22
TAMIL NADU|KARUR,24.863636363636363,2.231569041517586,0.8408144472837393,39,2.4342630500855242,0.8621629765280684,22
TAMIL NADU|KRISHNAGIRI,24.68421052631579,1.8683506495965925,0.7204389400700455,41,2.31281473595409,0.8422059092876916,19
TAMIL NADU|MADURAI,25.636363636363637,1.978078738514433,0.7482054887414944,38,2.1136546954667685,0.7619468734041757,22
TAMIL NADU|NAGAPATTINAM,16.0,1.0711925204770483,0.5212900768905262,29,1.1011553006031516,0.5291665783350956,22
TAMIL NADU|NAMAKKAL,27.90909090909091,2.1743477258257733,0.8211280489415369,44,2.4002356422935707,0.8576722568508484,22
TAMIL NADU|PERAMBALUR,25.545454545454547,1.8729055000811548,0.7682240818740251,36,2.3049339923634475,0.862445280470857,22
TAMIL NADU|PUDUKKOTTAI,23.40909090909091,1.3470925675047183,0.5732239803534991,37,1.4523545896484373,0.5914282742915175,22
TAMIL NADU|RAMANATHAPURAM,21.227272727272727,1.0358833484472976,0.4174571075303845,35,1.1032482864178532,0.431272354904759,22
TAMIL NADU|RANIPET,3.0,0.35980727475175744,0.19002244562740267,3,0.35980727475175744,0.19002244562740267,1
TAMIL NADU|SALEM,29.5,2.5467168490091177,0.8952257249240599,44,2.811108629464497,0.9200334914045418,22
TAMIL NADU|SIVAGANGA,22.681818181818183,1.0594806781525,0.4278734115923555,36,1.1359205107501904,0.43728837675980803,22
TAMIL NADU|TENKASI,4.0,0.06783077857822764,0.02403204930648295,4,0.06783077857822764,0.02403204930648295,1
TAMIL NADU|THANJAVUR,22.045454545454547,1.210586403951973,0.5173929636731357,36,1.2759035205134244,0.5275928288484311,22
TAMIL NADU|THE NILGIRIS,15.272727272727273,1.6877055669910064,0.7124985510853531,34,2.1442790982863573,0.8524763232032101,22
TAMIL NADU|THENI,27.045454545454547,2.383930017353908,0.8721931543970044,40,2.664672622446341,0.903493146747048,22
TAMIL NADU|THIRUVALLUR,21.136363636363637,1.098241948937161,0.4675044841554079,37,1.160011022524381,0.482444002494942,22
TAMIL NADU|THIRUVARUR,15.090909090909092,1.0376450621761484,0.514329369909998,32,1.0792275565392226,0.5302852370493479,22
TAMIL NADU|TIRUCHIRAPPALLI,26.681818181818183,2.123345633569898,0.8007568577876115,39,2.270801894267042,0.8212034232405429,22
TAMIL NADU|TIRUNELVELI,27.772727272727273,1.8094361115090811,0.7024395152024869,42,1.9302322683904252,0.7199429800118126,22
TAMIL NADU|TIRUPATHUR,7.0,0.6409008956899696,0.32181204509358197,7,0.6409008956899696,0.32181204509358197,1
TAMIL NADU|TIRUPPUR,25.666666666666668,2.0458170917754477,0.8006453266325945,37,2.1747371779781677,0.8216909909284169,12
TAMIL NADU|TIRUVANNAMALAI,26.045454545454547,1.6517567921689627,0.7110316324891194,42,1.746673970542413,0.7242276609226423,22
TAMIL NADU|TUTICORIN,25.045454545454547,2.2750435900438077,0.8650698673161433,35,2.4343075990647467,0.8903871240746304,22
TAMIL NADU|VELLORE,26.863636363636363,2.1910241055430304,0.8368129619680215,45,2.334229704735622,0.8488356247148978,22
TAMIL NADU|VILLUPURAM,25.90909090909091,1.8873863800176223,0.7699464702094009,40,2.048459199480756,0.7972903633975911,22
TAMIL NADU|VIRUDHUNAGAR,25.90909090909091,2.3505040536809845,0.8659331474422884,37,2.534316740375809,0.8899903935065134,22
TELANGANA|ADILABAD,25.956521739130434,1.8324922629058285,0.7389746200586323,39,2.0335082492417964,0.7811770788708652,23
TELANGANA|BHADRADRI,18.75,1.3917746987383568,0.6584195683753937,23,1.39564985970186,0.6593014227359583,4
TELANGANA|HANUMAKONDA,16.25,1.227730402903648,0.6646835863270941,20,1.2360616684723045,0.6693168614659469,4
TELANGANA|HYDERABAD,1.25,0.09055263928386224,0.05190311418685123,2,0.541622845633839,0.35629930085110706,4
TELANGANA|JAGITIAL,18.0,1.4069922826181518,0.5956574524830608,19,1.40042653052869,0.5909071833684398,4
TELANGANA|JANGOAN,20.0,1.2618044820753656,0.6384615523677097,26,1.288100733681114,0.6479094118604185,4
TELANGANA|JAYASHANKAR,18.0,1.1713220260102435,0.6159856670994092,25,1.200262944618022,0.6253107168497017,4
TELANGANA|JOGULAMBA,21.0,2.0252715138716795,0.8116830444877275,25,2.0649944136482534,0.8218725747089368,4
TELANGANA|KAMAREDDY,23.75,1.810441327976036,0.7639838676391859,27,1.8158675395768937,0.7654510496959723,4
TELANGANA|KARIMNAGAR,21.571428571428573,1.2253722325904675,0.6088424044997257,30,1.3992688650901706,0.6640540210715077,7
TELANGANA|KHAMMAM,22.285714285714285,1.496677978648884,0.6975885997833442,30,1.5279419406824148,0.7015944606355944,7
TELANGANA|KOMARAM BHEEM ASIFABAD,21.5,1.2057352833545074,0.5329858760398133,27,1.2461924323286069,0.5438653587065194,4
TELANGANA|MAHABUBABAD,18.5,1.7405901369311003,0.7655568905418583,22,1.757345463779691,0.7698557027923492,4
TELANGANA|MAHABUBNAGAR,24.652173913043477,2.171380828844398,0.8566491603357321,39,2.3538511657015637,0.8867444630680327,23
TELANGANA|MANCHERIAL,18.75,0.9720236330858135,0.5516433731506869,22,0.9633682406941846,0.5508621520737311,4
TELANGANA|MEDAK,28.142857142857142,1.6346014636518575,0.6979802940050668,36,1.9878190483717966,0.8024566445421657,7
TELANGANA|MEDCHAL MALKAJGIRI,12.75,0.6268171261638866,0.2952286136700156,19,0.6289082194680756,0.293248936895794,4
TELANGANA|MULUGU,16.5,1.0890472107577391,0.5169852726020437,18,1.0897909861684218,0.5168345588191652,2
TELANGANA|NAGARKURNOOL,21.0,1.4989001345911237,0.7143951739478995,24,1.5474557568781515,0.7364062169771399,4
TELANGANA|NALGONDA,20.857142857142858,1.0216602772558379,0.5625540365056677,28,1.0700431717014836,0.5752266768449069,7
TELANGANA|NARAYANAPET,21.0,1.5303353989929356,0.7326103206777292,22,1.534700145686698,0.7357719540130407,2
TELANGANA|NIRMAL,23.25,2.0028371581141355,0.8240128453285468,27,2.0163189368566905,0.8288800704362815,4
TELANGANA|NIZAMABAD,25.0,1.5548275525181048,0.6486202443643065,31,1.7417394078505068,0.7069353805347545,7
TELANGANA|PEDDAPALLI,15.75,0.8297227248696333,0.44363265952193504,20,0.8389555191487993,0.4412582948219764,4
TELANGANA|RAJANNA,18.25,0.9313183564144714,0.5382355859465423,23,0.9476572262079818,0.5476435525676255,4
TELANGANA|RANGAREDDI,27.571428571428573,1.6926490572498472,0.7436922907992775,32,1.8134633723988254,0.771258883154491,7
TELANGANA|SANGAREDDY,27.5,2.0478618663706425,0.7935309922570926,32,2.070615167820648,0.8011642687930545,4
TELANGANA|SIDDIPET,23.75,1.3603561190990878,0.6941832001523001,25,1.3845821108060585,0.7066109359969268,4
TELANGANA|SURYAPET,17.75,1.0673494086300395,0.5050072848830166,23,1.0598184838780054,0.497359143351517,4
TELANGANA|VIKARABAD,24.75,1.9207309245826374,0.7946164033464984,26,1.9392077914768786,0.8014148872335884,4
TELANGANA|WANAPARTHY,18.75,1.6849251840305337,0.7094837417800309,23,1.7048428909614637,0.7186749315307819,4
TELANGANA|WARANGAL,22.142857142857142,1.5536724902258232,0.7284268413765485,27,1.6089208866313218,0.7362720818681378,7
TELANGANA|YADADRI,20.25,1.0151814298698156,0.5610668559644147,27,1.0143124307592046,0.5596077037097477,4
THE DADRA AND NAGAR HAVELI AND DAMAN AND DIU|CHANDIGARH,1.0,0.0,0.0,1,-0.0,0.0,2
THE DADRA AND NAGAR HAVELI AND DAMAN AND DIU|DADRA AND NAGAR HAVELI,13.818181818181818,1.323980715149382,0.5539061442736632,22,1.4896661336686707,0.5932832449593011,22
THE DADRA AND NAGAR HAVELI AND DAMAN AND DIU|DAMAN,1.0,0.0,0.0,1,-0.0,0.0,7
THE DADRA AND NAGAR HAVELI AND DAMAN AND DIU|DIU,1.0,0.0,0.0,1,-0.0,0.0,7
THE DADRA AND NAGAR HAVELI AND DAMAN AND DIU|SURGUJA,1.0,0.0,0.0,1,-0.0,0.0,13
TRIPURA|DHALAI,16.09090909090909,0.7876262516234532,0.2834845733720093,26,0.8867947579325557,0.29925216588579595,22
TRIPURA|GOMATI,20.625,0.7136346828490054,0.24861164175625206,25,0.7722292371335089,0.2650802366295423,8
TRIPURA|KHOWAI,20.125,0.8133427096643376,0.28983784408585234,25,0.8583098680224515,0.3009091940211376,8
TRIPURA|NORTH TRIPURA,16.272727272727273,0.6339725593617074,0.22002868068103346,26,0.6774633730884695,0.21808338809340178,22
TRIPURA|SEPAHIJALA,20.0,0.38398636551618665,0.12372907327750719,24,0.40093853470319163,0.12657191816429014,8
TRIPURA|SOUTH TRIPURA,16.09090909090909,0.4922089004639597,0.16418559777111935,26,0.5029383352978167,0.1548674572219747,22
TRIPURA|UNAKOTI,20.625,0.791487531627879,0.27153986618989867,25,0.8229287476130961,0.2768408708776341,8
TRIPURA|WEST TRIPURA,15.818181818181818,0.4598595268422413,0.15812854995870576,25,0.41197320635229506,0.125237608892123,22
UTTAR PRADESH|AGRA,23.17391304347826,1.564476643621002,0.7436321221614736,36,1.6337146590880687,0.7518879348659417,23
UTTAR PRADESH|ALIGARH,24.0,1.6934529220791539,0.7217993918695794,35,1.7480234992610382,0.7276100178695732,23
UTTAR PRADESH|ALLAHABAD,23.869565217391305,1.542979822521536,0.6835300670526834,36,1.5743318905400823,0.6867485870804347,23
UTTAR PRADESH|ALMORA,16.0,1.5688396251315095,0.7472273616773247,18,1.641676540298966,0.7609357076622189,3
UTTAR PRADESH|AMBEDKAR NAGAR,22.434782608695652,1.2379654905965574,0.6128965655879046,33,1.253570748050828,0.6133701245365655,23
UTTAR PRADESH|AMETHI,24.8,1.3538092058431261,0.6296690415198862,28,1.3614077613342646,0.6311568816867913,10
UTTAR PRADESH|AMROHA,17.82608695652174,1.3333744347564938,0.6633434600676378,34,1.344107138042431,0.66435507526316,23
UTTAR PRADESH|AURAIYA,23.08695652173913,1.7768587610640802,0.7453017039177204,33,1.8028540994434181,0.7465442570874143,23
UTTAR PRADESH|AZAMGARH,25.956521739130434,1.2075630999766986,0.6091087327808957,37,1.2196324538794538,0.6096386545373828,23
UTTAR PRADESH|BAGESHWAR,8.5,1.535238575500795,0.7553642305783759,11,1.541323222932116,0.7559885606816199,2
UTTAR PRADESH|BAGHPAT,18.47826086956522,1.0124316811543643,0.5612859571454792,33,1.0283249709135143,0.5624823099371125,23
UTTAR PRADESH|BAHRAICH,26.565217391304348,1.6183936064100441,0.7463211709569663,38,1.6602843730738923,0.7538794666522202,23
UTTAR PRADESH|BALLIA,23.043478260869566,1.5450609742982966,0.6949946550394938,35,1.5695401837418108,0.6973350561708431,23
UTTAR PRADESH|BALRAMPUR,21.130434782608695,1.6569780957213456,0.7530511122517641,32,1.697636717458117,0.7585074175138155,23
UTTAR PRADESH|BANDA,25.217391304347824,1.7952081244206084,0.77061101331786,36,1.8650512079119794,0.7807244994461187,23
UTTAR PRADESH|BARABANKI,25.73913043478261,1.5058186197534538,0.6780135852511286,36,1.539134642081172,0.6792281302736461,23
UTTAR PRADESH|BAREILLY,24.434782608695652,1.4239885914593622,0.6930398239088591,37,1.4484814546504254,0.6950563549855782,23
UTTAR PRADESH|BASTI,22.0,1.3595882343135182,0.6678775117906798,32,1.3824086002410785,0.6697367788431137,23
UTTAR PRADESH|BIJNOR,20.17391304347826,1.1030543273131632,0.6035123710044438,33,1.1148783508143252,0.606063389402158,23
UTTAR PRADESH|BUDAUN,25.391304347826086,1.676616958820853,0.7237899355660508,37,1.7166377447193066,0.7260413434254902,23
UTTAR PRADESH|BULANDSHAHR,23.565217391304348,1.659950796691351,0.7229034171134385,34,1.6969367165009557,0.7293552894275449,23
UTTAR PRADESH|CHAMOLI,15.0,1.6196086232243314,0.7651180814031755,17,1.678820356717928,0.7744344387049956,3
UTTAR PRADESH|CHAMPAWAT,8.5,1.6281065692045709,0.7766599098569487,11,1.654724930723967,0.7793413817274835,2
UTTAR PRADESH|CHANDAULI,21.869565217391305,1.171276706646246,0.5973180839192306,33,1.1881809390640403,0.5988835638662124,23
UTTAR PRADESH|CHITRAKOOT,24.0,1.9874687961075992,0.8129479572928986,33,2.0450210515278764,0.8202614433962557,23
UTTAR PRADESH|DEHRADUN,21.0,1.906063624390649,0.7958570568845907,24,1.9347743790919583,0.7968330642856819,3
UTTAR PRADESH|DEORIA,22.82608695652174,1.1728883756861757,0.6000465194815388,36,1.1862304153221488,0.6007592396097441,23
UTTAR PRADESH|ETAH,24.652173913043477,1.810277588315192,0.7319322381698747,35,1.8775851592107973,0.7396007960449604,23
UTTAR PRADESH|ETAWAH,22.304347826086957,1.7974859868822737,0.7616786290545329,34,1.8461701557707113,0.7640244273939392,23
UTTAR PRADESH|FAIZABAD,22.73913043478261,1.4365665826561795,0.6651183653730822,34,1.4600768086996285,0.6666370041833152,23
UTTAR PRADESH|FARRUKHABAD,24.08695652173913,2.0017328575663944,0.7903139183796309,34,2.0450862599167023,0.7925274245951044,23
UTTAR PRADESH|FATEHPUR,26.130434782608695,1.9087952683040343,0.7599082113014767,37,1.9595521935686464,0.7631004045089711,23
UTTAR PRADESH|FIROZABAD,24.47826086956522,1.7722793854080927,0.7620702372875868,37,1.8053865792225405,0.7659971921727353,23
UTTAR PRADESH|GAUTAM BUDDHA NAGAR,17.130434782608695,1.267321973301757,0.5806682493439925,28,1.3548177311519578,0.5963247532927858,23
UTTAR PRADESH|GHAZIABAD,17.91304347826087,1.3356804256392116,0.6658823775479348,34,1.386837728088301,0.6727488154293656,23
UTTAR PRADESH|GHAZIPUR,23.782608695652176,1.4382194564249462,0.6561130543887052,35,1.4578985974248238,0.6574439845670882,23
UTTAR PRADESH|GONDA,23.434782608695652,1.6451734284247461,0.7503788986243835,37,1.6816579565957117,0.7540129431076059,23
UTTAR PRADESH|GORAKHPUR,23.82608695652174,1.1353126865952767,0.581791056586317,35,1.1633440960835726,0.5830638613261874,23
UTTAR PRADESH|HAMIRPUR,25.130434782608695,1.9768000116245548,0.8068185660266135,36,2.137178278887552,0.8264410584126415,23
UTTAR PRADESH|HAPUR,16.625,1.4268814649874673,0.7015943490211096,21,1.4302878224473003,0.701842973338223,8
UTTAR PRADESH|HARDOI,25.782608695652176,1.6973295839236824,0.698545404477399,38,1.7402132340595908,0.7012858842590657,23
UTTAR PRADESH|HARIDWAR,21.0,1.372546837954803,0.6804597321550411,24,1.3802872875730894,0.6807189477636679,3
UTTAR PRADESH|HATHRAS,22.652173913043477,1.7065017606699,0.7462529112631564,34,1.7597977904312563,0.7553054809504048,23
UTTAR PRADESH|JALAUN,24.0,1.9335410201749945,0.7897801024109145,37,2.1048098776519932,0.8132705747555404,23
UTTAR PRADESH|JAUNPUR,24.17391304347826,1.5558393541126667,0.6925060453660963,36,1.5748432932712195,0.6933929049322923,23
UTTAR PRADESH|JHANSI,25.0,1.9711203518592475,0.8036047137542499,36,2.2118593915901648,0.8389584894654316,23
UTTAR PRADESH|KANNAUJ,24.0,1.8354927556545553,0.7768337247778255,36,1.8662918560417125,0.7785560333968897,23
UTTAR PRADESH|KANPUR DEHAT,23.61904761904762,1.8031912974151905,0.7056567526547746,34,2.0258724374458557,0.7834643664292908,21
UTTAR PRADESH|KANPUR NAGAR,26.347826086956523,2.059844012524554,0.787113035346394,36,2.126920962975047,0.7938126855361598,23
UTTAR PRADESH|KASGANJ,24.727272727272727,1.9061061015267624,0.7681098837103243,30,1.9220433166321957,0.769586219365878,11
UTTAR PRADESH|KAUSHAMBI,25.47826086956522,1.8078032637128978,0.7462647240999496,32,1.8602015418602393,0.751905528757743,23
UTTAR PRADESH|KHERI,25.608695652173914,1.5328324427764597,0.7330118863013619,37,1.5556064930391482,0.7350716034016931,23
UTTAR PRADESH|KUSHI NAGAR,24.956521739130434,1.3915659809214362,0.7006361567759478,35,1.409544061650382,0.7017636054468407,23
UTTAR PRADESH|LALITPUR,23.695652173913043,1.9449778244577327,0.7964287384143472,32,2.1283319917923755,0.8214077517018028,23
UTTAR PRADESH|LUCKNOW,24.217391304347824,1.4470601473606113,0.6431526664661311,36,1.495346129381075,0.647701418776077,23
UTTAR PRADESH|MAHARAJGANJ,22.782608695652176,1.149811461283572,0.6029219400238959,36,1.1632278124304734,0.6035807329767702,23
UTTAR PRADESH|MAHOBA,24.52173913043478,2.072675588699965,0.8279984055257406,33,2.2731543016602394,0.8596265763331732,23
UTTAR PRADESH|MAINPURI,23.47826086956522,1.668631702157117,0.7161589869706618,32,1.7055174420721264,0.718673313629467,23
UTTAR PRADESH|MATHURA,21.434782608695652,1.464895720564005,0.6573941006561256,34,1.5106488207700695,0.6614564973816388,23
UTTAR PRADESH|MAU,22.391304347826086,1.1227360148070331,0.5881050358645133,35,1.134004729005763,0.5891382571192602,23
UTTAR PRADESH|MEERUT,19.782608695652176,1.1656153665723035,0.5968050112999459,34,1.17764392318397,0.5978399331565699,23
UTTAR PRADESH|MIRZAPUR,23.52173913043478,1.7595340548240248,0.7273654129470407,37,1.7946411937828812,0.7299368942634881,23
UTTAR PRADESH|MORADABAD,22.73913043478261,1.44307909176174,0.698340130686983,36,1.5092565278925492,0.7071464190516634,23
UTTAR PRADESH|MUZAFFARNAGAR,21.08695652173913,1.0102275155070928,0.5497555009427408,35,1.0341575894642074,0.5568848241331825,23
UTTAR PRADESH|NAINITAL,19.666666666666668,1.9834425081083094,0.7988215905556563,22,2.042611541024913,0.8020051402153325,3
UTTAR PRADESH|PAURI GARHWAL,17.666666666666668,1.6377869918669266,0.7595580650750625,20,1.699344070659759,0.7716436996885353,3
UTTAR PRADESH|PILIBHIT,22.434782608695652,1.2121529182890678,0.6524470174571119,37,1.2263921660152453,0.6545795143169559,23
UTTAR PRADESH|PITHORAGARH,18.0,1.818981502051404,0.7882588053273881,20,1.8691602586767757,0.7906140312493501,3
UTTAR PRADESH|PRATAPGARH,23.347826086956523,1.4534165294946684,0.6532417386302375,34,1.492665093989206,0.6562108815608894,23
UTTAR PRADESH|RAE BARELI,26.347826086956523,1.5073020139887274,0.6625848641757016,36,1.5459475896745833,0.66601513568075,23
UTTAR PRADESH|RAMPUR,22.52173913043478,1.194699969723383,0.6152091200089882,35,1.2138678156086815,0.6160027513982634,23
UTTAR PRADESH|RUDRA PRAYAG,8.0,1.5140603215976651,0.7624884820982443,10,1.5170486648698236,0.7625330834304309,2
UTTAR PRADESH|SAHARANPUR,21.130434782608695,1.3084978208827922,0.6760459886333983,34,1.322438065069339,0.6784283458351116,23
UTTAR PRADESH|SAMBHAL,24.25,1.6990876354536313,0.7419130811703051,28,1.7052198387491422,0.7424061376689255,8
UTTAR PRADESH|SANT KABEER NAGAR,22.652173913043477,1.170506624116182,0.5939886734041937,34,1.1857084514724954,0.5945193444914655,23
UTTAR PRADESH|SANT RAVIDAS NAGAR,20.08695652173913,1.4462550032115205,0.6600913936457631,33,1.4691403282551283,0.6622304303696258,23
UTTAR PRADESH|SHAHJAHANPUR,25.347826086956523,1.4447546403314793,0.6667448020664962,34,1.4732132105321525,0.6687548893476785,23
UTTAR PRADESH|SHAMLI,18.5,1.151621887990493,0.6328021549649759,24,1.1599160115605907,0.6334238198760048,8
UTTAR PRADESH|SHRAVASTI,22.391304347826086,1.4836211446172558,0.7090243581323498,35,1.528352439676354,0.7167338802761067,23
UTTAR PRADESH|SIDDHARTH NAGAR,20.0,1.0467936339312838,0.5646982753553775,34,1.0637654550220244,0.5653582148812989,23
UTTAR PRADESH|SITAPUR,26.82608695652174,1.749544858936744,0.7586772181244941,38,1.7851616913067068,0.7610186303877882,23
UTTAR PRADESH|SONBHADRA,24.434782608695652,2.1551465432654298,0.8234781123132745,34,2.1947301669212886,0.8311158180245826,23
UTTAR PRADESH|SULTANPUR,25.08695652173913,1.5568217378387756,0.6783086197691852,35,1.5800457585423067,0.6775015416209152,23
UTTAR PRADESH|UDAM SINGH NAGAR,20.0,1.2411731004440965,0.6551798632426763,24,1.2439721570065068,0.6552690859702399,3
UTTAR PRADESH|UNNAO,26.0,1.5811081379237064,0.6639720075656504,38,1.6244669651318107,0.6672871746509412,23
UTTAR PRADESH|UTTAR KASHI,17.0,1.7762347848345454,0.7807222275529181,19,1.8374010494315716,0.7864120529096497,3
UTTAR PRADESH|VARANASI,22.565217391304348,1.5703647849517868,0.6779567782532471,33,1.5991626842011253,0.6803318295943677,23
UTTARAKHAND|ALMORA,21.80952380952381,1.8090387109234425,0.7781885741102462,29,1.8828024381690203,0.7845953052477703,21
UTTARAKHAND|BAGESHWAR,21.095238095238095,1.6192167350719877,0.728040160236062,30,1.6473814620987564,0.729593024975828,21
UTTARAKHAND|CHAMOLI,21.333333333333332,1.892710258651045,0.8025354175040649,29,1.986613158533729,0.8097306064923715,21
UTTARAKHAND|CHAMPAWAT,23.857142857142858,2.094525159900598,0.8180257996401805,32,2.139969898238276,0.818065362640471,21
UTTARAKHAND|DEHRADUN,27.38095238095238,1.9631174935992246,0.7820891308795219,34,2.0377134331195736,0.8076100036421097,21
UTTARAKHAND|HARIDWAR,20.19047619047619,1.1172786735987825,0.596996836159097,32,1.1669086541618738,0.6200675115094109,21
UTTARAKHAND|NAINITAL,25.857142857142858,2.019465191170932,0.7901482340479392,33,2.043937244726819,0.7920960027945568,21
UTTARAKHAND|PAURI GARHWAL,22.952380952380953,2.005808318550185,0.8243134408662653,31,2.0905512857805295,0.832870334305303,21
UTTARAKHAND|PITHORAGARH,22.761904761904763,1.9608139502758348,0.7890576126776592,29,1.9808806129055865,0.7893437943119013,21
UTTARAKHAND|RUDRA PRAYAG,19.523809523809526,1.653786665051702,0.759770863429119,26,1.7157579166923076,0.7636603814495828,21
UTTARAKHAND|TEHRI GARHWAL,21.375,1.9996558380245728,0.8111814982446491,28,2.1380936467268947,0.8317323940345387,24
UTTARAKHAND|UDAM SINGH NAGAR,21.428571428571427,1.1832517707398889,0.629033740458232,32,1.2598148993818494,0.6374210012524395,21
UTTARAKHAND|UTTAR KASHI,22.285714285714285,2.100756619044065,0.8283896654485946,29,2.1652621965162147,0.8339009302180025,21
WEST BENGAL|ALIPURDUAR,15.5,1.0554528418453388,0.44177602671769417,24,1.6223986989721997,0.6729591600374085,6
WEST BENGAL|BANKURA,26.782608695652176,0.6951948698254196,0.29509322290654544,38,1.0910944418679394,0.5323908289677981,23
WEST BENGAL|BIRBHUM,27.391304347826086,0.9150456228909082,0.37754773320041063,36,1.2251340465712492,0.5333176351296438,23
WEST BENGAL|COOCHBEHAR,25.043478260869566,1.3479737177250264,0.5715483112971865,35,1.592835596846701,0.660517077678922,23
WEST BENGAL|DAKSHIN DINAJPUR,19.130434782608695,1.013422291934416,0.44278854652740873,31,1.3512105111150778,0.5924225985587044,23
WEST BENGAL|DARJEELING,24.130434782608695,1.6997082258789227,0.7245001048642233,34,1.9003940292627357,0.7662375749639079,23
WEST BENGAL|HOOGHLY,19.304347826086957,1.1375563236151434,0.5421218965242682,31,1.4473138209863698,0.6866258775023908,23
WEST BENGAL|HOWRAH,18.043478260869566,0.7920149879223367,0.3152372526053328,27,1.0526615273658873,0.43018357258001827,23
WEST BENGAL|JALPAIGURI,27.08695652173913,1.3248492862848225,0.5484727044865079,32,1.5688798401901887,0.6482559607033533,23
WEST BENGAL|JHARGRAM,18.0,0.7542268315829301,0.2777027558038806,22,0.7794801633466725,0.28097977128956486,4
WEST BENGAL|KALIMPONG,11.25,1.003748600882444,0.4901072189363084,15,1.0591725385986246,0.4927719708284619,4
WEST BENGAL|MALDAH,24.73913043478261,1.5285997762076973,0.6248704467201618,30,1.780944663374687,0.7330216334941076,23
WEST BENGAL|MURSHIDABAD,24.217391304347824,1.6627676756011893,0.7050953851469066,34,1.8855120397316945,0.7874102711297262,23
WEST BENGAL|NADIA,24.565217391304348,1.7114379632016945,0.71448488898036,32,1.7708462009617973,0.7544945901364932,23
WEST BENGAL|NORTH 24 PARGANAS,21.73913043478261,1.2650319133033325,0.5351742005615022,28,1.521793866519391,0.6884879178028882,23
WEST BENGAL|PASCHIM BARDHAMAN,15.25,0.5494424246403478,0.19796572482700436,19,0.5796594729252975,0.2032904288417231,4
WEST BENGAL|PASHCHIM MEDINIPUR,26.217391304347824,0.8826467275477188,0.36536049173852975,37,1.240517530164004,0.569175892355428,23
WEST BENGAL|PURBA BARDHAMAN,26.347826086956523,0.7414599303559235,0.30678125377149557,36,1.1005655559806906,0.5088143935685248,23
WEST BENGAL|PURBA MEDINIPUR,16.652173913043477,0.5664494155475723,0.21301882819071405,28,0.9593834958936267,0.4593256669376574,23
WEST BENGAL|PURULIA,28.652173913043477,0.5933856996599203,0.2186241762415789,38,0.8651707948793277,0.35188395468320743,23
WEST BENGAL|SOUTH 24 PARGANAS,21.130434782608695,0.596722239354186,0.22009182058162904,28,0.8070958103445691,0.2943543209496061,23
WEST BENGAL|UTTAR DINAJPUR,25.695652173913043,1.3914989037562389,0.6048148731348163,33,1.6701739578211734,0.7300304535140003,23
